application_id,TARGET
223,0
20671,1
2218,0
19196,0
13088,0
7638,0
3951,0
9958,0
4467,0
14401,1
3249,0
17160,0
18893,0
295,0
19210,0
13466,0
9350,0
4049,0
1177,0
8436,0
13891,0
6252,0
16139,0
19551,0
20702,0
3319,0
5458,1
2845,0
10265,0
19239,0
4364,0
12140,0
20767,1
18593,1
11719,0
13820,0
285,0
19237,0
5135,0
7425,1
11294,1
4277,1
4103,0
1337,0
2621,0
6024,0
18521,0
15716,0
5927,0
12570,0
13502,1
1639,0
16980,0
10209,1
5211,0
15944,0
4636,0
8807,0
6054,0
10579,1
20512,0
12167,0
864,1
1934,0
9939,0
19110,0
17554,0
14624,0
1484,0
20543,0
6046,0
14008,0
15847,1
14822,0
13640,0
4075,0
18828,0
18344,0
4165,0
3185,0
20683,0
14142,0
5187,1
6999,0
12847,0
16108,0
6958,0
15154,0
9754,0
9383,0
6356,0
2272,0
7858,0
16497,1
7304,0
13983,0
413,1
2644,0
16310,0
960,0
3109,0
15932,0
376,0
19860,0
10758,0
13592,0
5478,0
7943,1
15324,0
7166,0
18903,0
3562,0
4409,0
12925,0
18247,0
1779,0
17579,0
10054,0
4158,1
1211,0
7719,0
13474,0
19485,0
18951,0
14756,0
3315,0
15767,0
558,0
9186,0
6368,0
6274,1
3728,0
18288,0
4968,0
3197,0
13024,0
19360,0
10074,0
901,0
19002,0
16386,0
20069,0
3389,0
4413,0
5620,0
17266,0
4142,0
5754,0
11256,0
18497,0
15843,0
8170,0
18910,1
9403,0
20553,0
2447,0
8941,0
7005,0
2531,0
766,0
10641,0
6310,0
19565,0
17599,0
2698,0
553,0
17455,0
20067,0
11820,0
15250,0
6679,0
5562,1
4947,0
11496,0
13700,0
4465,0
13907,0
8982,1
11217,0
14629,0
1040,0
9739,0
4007,0
5859,1
19340,0
8504,0
4656,0
1228,0
3208,0
20075,0
3492,0
7301,1
1031,0
16676,0
5151,0
7291,0
10896,0
4566,0
6194,1
3949,0
19895,0
2518,0
11135,0
19332,0
19492,0
1188,0
10577,0
5631,0
17170,1
15727,0
4386,1
9225,1
2711,0
17981,0
6761,0
11698,0
18581,0
16331,0
15946,0
7277,1
2510,0
8090,0
11647,1
12424,1
4398,0
326,0
10945,0
13132,0
7369,0
5932,1
7655,0
5551,0
19982,0
11754,1
6279,0
13836,0
3318,0
6020,0
5083,1
20835,0
15755,1
7008,0
4152,1
12787,0
14221,0
8288,0
18293,1
17611,1
1233,1
6067,0
19625,0
15401,0
19572,0
5437,0
9556,0
11215,0
2430,0
5727,0
8993,0
14117,0
15012,1
17744,0
9706,0
192,0
19132,1
2261,0
11933,1
9733,0
7278,1
15345,0
9943,0
8245,1
7866,0
8994,0
7179,0
10258,0
12910,0
4688,1
17743,0
421,0
16931,0
13405,0
16436,0
12651,0
19893,0
8434,0
16928,1
920,0
19291,0
3543,0
9796,1
11897,0
7807,0
14472,0
3643,0
5719,0
10479,1
1165,0
16971,0
6137,0
3726,0
20178,0
19483,0
3126,0
11267,0
6819,1
9240,0
13320,0
5456,1
10697,0
7574,0
5571,1
15558,0
9737,0
13529,0
9229,0
12746,0
19700,0
3690,0
7421,1
7359,0
6360,0
218,0
20314,0
20264,0
16367,0
3860,0
15374,0
5110,0
6430,0
12224,0
1366,0
15653,0
6476,0
846,0
4866,0
9816,0
3804,0
18051,0
8070,1
3634,0
16784,0
20736,0
14175,0
15917,0
4772,1
5681,0
5321,1
15582,0
1678,0
14149,0
4755,0
16779,0
2521,0
11336,0
58,1
10560,0
19229,0
17777,0
10533,1
19858,0
3849,0
578,0
20847,0
5922,0
547,0
1848,0
7450,0
8008,0
972,1
15390,0
18234,0
163,0
6287,1
11139,1
2863,0
6776,1
19372,0
19195,0
6732,1
10261,0
16683,0
9108,1
14477,1
1143,0
15494,0
1255,1
16383,0
9561,1
13486,0
14941,0
37,0
14864,0
4909,0
622,0
17914,0
9000,1
9652,0
10596,0
2781,1
4219,0
4693,1
4658,0
3030,0
15986,0
3884,1
18777,0
14355,0
1515,0
13349,0
17185,0
12905,0
17032,0
13069,0
5757,0
8025,0
10239,0
17028,0
13272,0
13630,1
18812,0
9551,0
17899,0
10442,0
20167,0
9665,0
771,0
631,0
5384,0
13903,0
19392,0
4972,0
4631,0
20119,0
2422,1
9149,0
20556,0
8996,0
1768,1
8024,0
15623,0
16654,1
16702,0
3909,1
5880,0
3750,0
15487,0
6962,1
8087,0
14304,0
15542,0
107,1
7607,0
18550,0
6058,0
10952,0
5086,1
18359,0
7380,0
20297,0
7633,0
1922,0
18218,0
2973,0
2830,0
1477,0
3346,0
20431,0
6233,0
1326,0
13273,0
15756,0
4496,1
10908,0
12708,0
19136,0
2425,0
12870,0
17597,1
1560,0
8908,0
1584,0
8898,0
4771,1
10642,0
7846,0
1974,0
13803,0
4367,0
19268,0
6737,0
17150,0
6264,1
20504,0
20064,1
7695,0
3220,0
10091,0
5692,0
10854,1
20682,0
12020,0
17538,0
20366,0
1169,1
3934,0
17429,0
3288,0
13048,0
3065,1
2616,1
10394,0
18281,0
9042,0
20397,0
18730,0
10931,0
13833,0
18855,1
17499,0
8990,1
19939,0
1203,0
8629,0
4169,0
15637,0
17445,1
9776,1
6009,0
11427,0
2946,1
14345,0
5636,0
12445,0
4160,0
8708,1
9855,0
12385,1
2266,0
14099,0
7431,0
13519,0
12057,0
16756,0
9684,0
8375,0
18680,0
8310,1
20334,0
11615,0
12320,0
13793,1
3163,0
19696,0
5489,0
4066,0
1457,1
15825,0
20806,1
5794,0
469,0
6783,0
13717,0
9469,1
14328,0
15123,0
3095,0
8804,0
2439,1
10622,0
501,0
9957,0
17326,1
18664,0
6434,0
1759,0
4230,0
14447,0
8695,1
2517,1
14377,1
14674,0
16476,0
13960,0
11950,0
18690,0
13893,0
9447,0
13661,0
7687,0
18545,0
4447,0
18193,0
7493,0
4933,0
1854,0
16869,0
17265,0
15498,0
20285,0
9067,0
16796,0
17477,0
7462,0
19636,0
12733,0
6111,0
10187,0
196,1
4283,1
7677,0
289,1
18302,0
20179,0
3029,0
13092,0
18586,0
2482,0
14827,0
18804,0
10928,0
10946,0
7548,0
6890,0
1642,1
12330,0
9712,0
6309,0
10458,0
1649,0
2023,0
13963,0
10189,0
9562,0
8843,1
11946,0
5476,0
15696,0
3850,0
15561,0
18330,1
3989,0
17415,0
20339,0
9101,0
3101,0
9165,0
20775,0
17508,0
7888,0
18671,0
5596,1
12719,0
6375,1
773,0
16982,0
15887,0
14840,1
1234,1
19137,0
5910,1
2948,0
7213,0
16163,0
7010,0
14683,0
20839,0
9555,0
16690,0
19213,1
4003,0
7828,0
15106,0
6882,0
2262,0
10793,0
12805,0
3341,0
16596,0
16484,0
5503,0
18459,0
10826,0
3848,0
11633,1
894,0
18396,1
2305,0
10972,0
9707,0
1446,0
8925,0
9923,0
7311,0
14617,0
11613,0
1646,0
2810,0
5864,0
10847,0
7983,0
9841,0
16187,0
19305,1
1797,0
19922,0
7843,1
4498,0
8152,0
14356,0
2005,1
8387,0
8957,0
19046,0
3568,0
2604,0
17675,0
11302,0
11004,0
15016,0
13911,0
15026,1
11468,0
18620,1
12431,1
8295,1
14384,0
1312,0
15435,0
20559,0
11568,0
19725,1
4189,0
16258,0
20048,1
14705,0
20927,0
20477,0
9565,0
8508,0
11551,0
18584,1
14154,0
16594,0
9486,0
11010,0
14647,0
8732,0
18274,0
8011,0
8106,0
11073,1
8393,1
7297,0
12022,0
12619,0
2792,0
15919,0
17776,0
5129,0
19272,0
7469,0
12279,0
3650,1
8726,0
10159,0
7155,0
18655,0
17714,0
1907,0
3407,0
11732,0
13187,0
14998,0
4002,0
9686,0
4534,0
2455,0
17869,0
6043,0
7299,0
6117,0
4538,0
2705,0
15593,1
20057,0
4718,0
12334,0
19426,1
1186,0
8091,0
2721,0
14153,0
2185,1
4046,0
10267,0
17119,0
8644,0
443,0
13002,0
1954,0
5273,0
113,0
17291,0
851,0
11364,0
16955,0
9879,0
7748,0
11086,0
14436,0
14627,1
10753,0
13884,1
5603,0
14403,0
17262,1
13912,0
10625,1
12584,0
6729,1
394,0
5823,0
13498,0
9491,0
19979,0
19290,0
10714,0
8801,0
8954,0
19602,1
16689,0
14585,0
1578,1
19564,0
17018,0
18869,1
8609,0
18432,0
2686,0
15908,1
19343,0
19756,0
4125,0
19541,1
9459,0
8515,1
1481,0
11332,0
1195,0
11289,1
15286,0
102,0
19270,0
7221,0
20278,1
10695,0
6831,0
17305,0
18448,0
6217,0
12153,0
16493,0
15993,0
18908,0
11507,0
1938,0
10790,0
2407,0
7410,0
3278,0
7141,0
2181,0
2882,0
8521,0
14068,0
1765,0
11532,0
8167,1
4614,0
18785,1
12714,0
2720,0
4941,0
10303,0
18748,1
18913,0
15680,0
275,0
7216,1
2406,0
9612,0
2376,0
3845,0
6612,1
1670,0
974,0
16457,1
12973,0
1163,0
10490,1
13241,0
961,0
1002,0
14858,0
13105,0
12821,0
12204,0
8483,1
14088,0
5931,0
8489,0
1887,1
15264,1
1067,1
13905,0
19709,1
6960,1
8500,0
19035,0
17402,0
4984,0
11671,0
13231,1
12887,1
10938,0
19849,0
18177,0
13958,0
2815,0
14268,0
18697,0
20219,0
15564,0
12166,0
9314,0
15125,0
1740,1
17936,0
10781,1
13725,0
20549,0
19192,0
3507,0
2258,0
2861,0
8059,1
13118,0
14191,0
7308,0
15514,0
5121,0
2997,0
938,0
8507,1
9389,0
15842,0
1656,1
9026,1
7151,0
5901,0
19009,0
16694,0
14084,0
19312,0
14147,0
8622,0
18042,0
18450,0
16294,0
5082,1
17468,0
10055,1
12078,0
13020,0
5029,0
675,1
5377,0
13590,0
14889,0
8281,0
20724,0
11980,0
7577,0
238,0
3258,1
17479,0
11969,0
5830,0
3190,0
13222,0
2392,0
11649,0
15272,0
2671,1
20629,0
1951,0
4298,0
3332,0
17024,0
16468,0
9708,0
7191,1
3786,0
4792,0
6259,0
9078,0
20749,0
13797,0
9660,1
1825,1
19020,0
18606,0
16393,0
14103,1
13931,0
12390,0
10256,1
3698,0
17668,1
4975,0
15291,0
16284,0
4314,0
493,0
11180,0
14865,0
12457,0
8983,0
4376,1
369,0
2478,0
10083,0
9337,0
15461,0
1915,0
14814,0
8527,1
1716,0
11490,0
14333,0
4343,0
6696,0
3112,0
12202,0
6709,1
3609,0
7750,0
18897,0
8698,0
3000,0
11030,0
11159,1
19116,0
17491,0
10102,1
7774,0
17274,0
11124,0
15387,0
13754,0
18366,1
18215,1
11037,0
14125,0
11581,0
18098,0
20844,0
7014,0
13882,0
20817,0
19740,0
8303,0
16546,1
14645,0
14904,0
69,0
19815,1
3025,0
5259,1
6359,0
9037,0
535,0
5584,0
17089,0
3973,0
9146,0
7824,0
5813,0
5066,1
10433,0
16974,0
17565,0
10230,0
20261,0
310,1
18924,0
18564,0
2394,0
10398,0
4087,0
3052,0
5433,0
14968,0
16021,0
13908,0
2723,0
1162,0
398,0
8985,1
8177,0
20217,0
4149,1
11044,0
13731,0
17812,0
20253,0
4519,0
11623,0
10241,0
3244,0
19606,1
4579,0
20414,0
12026,0
1599,0
4269,0
9428,0
2500,0
10748,0
11859,0
8981,1
3408,1
11577,0
8989,1
9799,0
6218,1
9499,0
3418,0
20506,0
10475,0
6861,0
7521,0
3991,0
5559,1
12603,0
9450,1
17898,0
12428,0
5918,0
1983,0
12074,0
18772,0
7737,0
8540,1
1598,0
8457,0
18394,0
14742,0
9226,0
16992,1
17826,1
16509,1
17276,0
18289,0
855,0
10940,1
17601,0
15192,0
9220,0
20325,1
8201,0
386,0
4722,1
3149,0
13344,0
13277,0
504,0
1839,0
2650,1
2059,0
16111,1
5669,1
16182,0
12504,1
3636,0
2507,0
2195,1
11973,1
16151,0
16719,0
20503,0
6131,0
12032,0
5207,0
10752,0
5302,0
20444,1
6109,0
614,0
6347,0
19386,0
20023,0
11924,1
16797,0
6202,1
15989,0
2184,1
2767,0
9334,0
366,0
11539,0
9398,1
9465,1
3051,0
8590,1
2260,1
400,0
2821,0
13317,0
700,0
13543,1
17438,0
6775,0
17375,0
3350,0
8700,0
7519,0
17473,0
12587,0
8895,1
194,0
20675,0
8077,0
11926,0
8338,0
5485,0
14926,0
1631,0
13125,0
8487,0
3325,0
14253,0
15625,0
17056,0
4009,0
4513,0
3393,0
5712,1
19807,0
12996,0
20234,0
4357,0
5076,0
6496,0
19516,0
3455,0
2444,0
16314,1
12039,0
94,1
736,0
9265,1
9339,0
3167,0
17013,0
17294,0
3904,0
16780,1
2256,0
20824,1
9458,0
11616,1
6038,1
5100,0
17555,0
1569,0
10076,0
5052,1
19446,0
9548,0
19433,1
9375,0
12198,1
19798,0
7908,0
10736,0
19307,0
2866,0
2536,0
8120,0
197,1
15626,0
11491,1
350,0
3896,0
722,0
14929,0
5490,0
20834,0
16256,0
14091,0
18985,0
17417,0
4512,0
9097,1
2138,0
16194,0
9509,0
16539,1
3891,0
14315,0
10859,0
9054,0
1399,1
2027,0
8742,0
4711,0
9092,1
19098,0
4438,0
728,0
20042,0
14490,0
7698,0
16114,1
8529,0
1853,0
10208,1
18490,0
15043,0
89,0
20030,1
926,1
12421,0
2332,0
3535,0
3549,1
14702,0
10805,0
4192,0
2846,0
17132,0
12346,0
15860,0
19325,0
18961,1
19969,0
6410,0
4092,0
5645,0
6618,1
14551,0
3626,0
6934,0
4463,0
15871,0
7934,0
16088,0
3382,0
20200,0
8453,0
20110,0
18457,0
11232,0
2055,1
14763,0
18656,0
20371,0
3307,0
17986,0
18552,0
18464,0
16868,1
3359,0
13994,0
1151,1
13332,0
2740,0
17532,1
17085,0
1920,1
15815,0
7763,0
10455,0
20718,1
20642,0
17225,1
11156,0
13556,0
7192,0
4022,0
16042,0
14241,0
1794,0
12497,0
4915,0
16175,1
16606,0
5832,0
10773,0
7145,1
19527,0
17908,0
9085,0
15000,0
20827,0
2928,1
17741,0
11772,0
15285,0
438,0
16805,0
17988,0
12845,0
5989,0
16856,1
3081,0
12389,0
8141,0
4734,0
15599,0
14730,0
5773,0
2959,0
10217,0
16786,0
2516,1
3684,0
17625,0
18842,1
9610,1
14082,0
10417,0
4080,0
12043,0
20628,0
8813,0
3291,1
13034,0
11963,0
14500,1
15126,0
4253,0
3784,1
5591,1
11830,1
12884,0
5112,1
6432,0
20004,0
11914,0
20337,0
3148,0
7117,0
9136,0
4225,1
5074,0
12706,0
16844,0
6269,0
16390,0
2171,0
17053,1
15788,0
14791,0
20529,0
900,0
13509,0
4390,0
1548,0
14697,0
18199,0
18652,1
2614,0
4862,0
1229,0
19254,0
17958,0
4564,1
20874,0
7793,0
19013,0
5118,0
3851,0
6736,0
199,0
2569,0
15805,0
7691,0
3010,0
3496,0
11684,1
16477,0
1044,0
8771,0
6659,1
19003,0
1692,0
349,0
6191,0
13669,1
7235,1
13143,0
10993,0
3236,0
277,0
4145,0
14860,0
8839,0
4307,0
4708,0
4805,0
17399,0
11050,0
968,0
7872,0
5684,0
20091,0
57,0
8384,0
4484,0
522,1
14234,0
7546,0
10053,0
3960,1
8772,0
8688,0
988,1
20638,0
2223,0
6210,1
17482,0
9780,0
17030,0
6352,0
8020,0
16947,0
20000,0
1541,0
2011,0
4359,0
14774,0
16537,0
16518,0
18950,0
5339,0
19723,0
6412,0
4345,0
8633,0
8388,0
1038,0
2717,0
2453,0
17299,0
14316,0
14353,0
20332,0
16254,0
19580,0
12605,0
17208,1
6354,0
17987,0
3777,0
5615,0
6030,1
3114,1
13312,0
11622,0
9309,0
13454,0
19047,0
2981,0
12643,0
18498,0
10111,0
885,0
95,1
18856,1
3890,0
2873,0
14908,0
17723,0
8955,0
290,1
12866,0
19362,1
19532,0
9463,0
2088,0
6967,0
17808,0
9766,0
11361,0
4001,0
13572,0
15443,0
18395,0
5601,0
12614,1
5694,0
10696,0
14782,0
16603,0
18269,0
20596,0
20751,0
6848,0
6379,0
9282,0
18449,0
9771,0
8186,0
12302,0
9204,1
253,1
8662,0
1092,0
3033,0
2494,0
17421,0
5171,0
11210,0
1933,0
12068,0
20422,0
16671,0
15187,1
14097,0
19910,0
3239,0
1423,0
7165,0
3598,1
3078,0
161,0
10292,1
414,1
9141,0
502,0
5661,0
6447,0
14322,0
4193,0
9179,1
14548,0
6543,0
18778,0
19286,0
8405,0
13404,0
4635,0
4788,0
12290,1
1553,0
5315,0
10033,0
616,1
20013,0
1947,0
17840,0
17604,0
10605,0
13597,0
19117,0
12160,0
4836,1
10154,1
17076,0
10672,0
16841,0
7968,0
3468,0
8021,1
11281,0
15214,0
15489,0
5917,0
12345,0
19407,0
9745,0
19415,0
618,1
2667,0
7631,0
4516,0
6467,0
19618,0
4937,0
2072,0
7835,1
15157,0
12675,0
19441,0
16716,1
19559,0
8368,0
2115,1
14057,0
17137,1
6190,0
8339,0
2035,0
13971,0
3091,0
4701,0
8353,0
3892,0
15754,0
15905,0
14361,0
11149,0
8003,0
19156,0
10175,0
2235,0
9587,0
8600,0
5812,0
20492,0
1099,0
9408,0
5828,0
8109,0
5314,0
4710,0
5255,0
8348,0
1130,0
15874,1
5699,0
8347,0
868,0
18794,0
2947,0
10192,1
1050,0
11747,0
4478,0
1652,1
13655,0
3413,0
14991,1
17506,0
10038,0
1666,0
17655,1
12649,0
9211,0
7233,0
4652,0
4090,0
13481,0
8803,0
18679,0
18625,0
2529,0
13559,0
5734,0
19414,0
17201,1
9894,0
15089,0
8084,0
20194,0
13160,0
1148,0
7520,0
7114,0
12366,1
6192,0
12828,0
10430,0
15417,0
651,0
4156,1
7428,1
6715,0
13339,0
3174,0
9208,1
8518,0
10270,0
3641,0
6,0
14090,0
15219,0
9212,1
4020,0
3620,0
10315,0
2363,0
20146,0
15372,0
5683,0
17250,1
781,1
11255,0
1250,0
3962,1
15737,1
12803,0
20740,0
10833,0
12116,0
18603,0
2971,0
11415,1
4011,0
16706,0
1288,0
16033,0
18157,0
942,1
646,0
11275,0
8976,0
5077,0
7263,1
9387,0
6829,0
5330,0
5041,0
19282,0
19805,0
8651,0
4980,1
8721,0
18102,0
9834,0
14180,0
2140,0
17422,0
15130,1
11833,0
19883,1
13438,0
12183,0
18238,0
7714,0
1469,0
8171,0
11350,0
2886,0
10125,1
3760,0
5759,1
16816,0
8842,1
10472,0
9144,1
8071,1
11359,1
13165,0
7491,0
12977,0
12727,0
14457,0
4719,1
11721,1
13926,0
12033,0
17367,0
19650,1
12974,0
2049,0
7518,0
12233,0
16570,0
9988,0
7654,0
171,0
6254,0
12908,0
13503,1
9685,1
4724,0
4505,0
16814,0
3872,0
19635,0
3671,0
4784,0
15466,0
13986,0
3264,0
8620,1
12319,0
19183,0
20876,0
10810,0
7840,1
4326,0
18662,0
10257,1
16135,0
7702,1
20156,1
9455,0
2911,0
17005,0
8391,1
13796,0
737,0
16740,1
9270,0
17369,0
9518,0
2818,1
14895,0
2024,0
20759,0
4991,0
14974,0
9526,1
15252,0
13473,0
15472,0
15893,1
10129,0
3580,0
10044,0
7103,1
12084,0
9489,0
12526,1
19553,0
1411,0
9578,0
11087,0
10978,1
13764,0
13938,0
16250,0
5883,0
13281,0
2545,0
6495,0
17239,1
627,1
561,0
8262,0
18926,1
9158,0
5521,0
3996,0
1060,0
18173,0
1972,0
8006,0
1725,0
11381,0
19629,0
12182,0
10858,0
12191,0
6904,0
6863,1
637,0
7006,0
13294,1
4945,1
3454,0
10676,1
19897,0
15274,0
12622,0
16917,0
19447,1
16612,0
17547,0
2709,0
13056,0
19651,1
1979,0
15641,1
14875,0
14542,0
6735,0
10960,0
4751,0
7226,0
14428,0
4949,0
16651,0
16103,0
11297,0
481,1
8028,0
6441,0
17344,1
14121,0
12408,0
19443,0
4940,0
1793,0
580,1
2092,0
8242,0
17817,0
12728,1
15305,0
5234,0
5846,1
10454,0
1383,0
6954,0
12210,1
12262,0
17046,0
5409,0
19265,0
10703,0
6121,0
13774,1
13804,1
13169,0
319,0
1567,0
19409,0
96,0
6195,1
13918,0
12081,1
10779,1
9462,0
15970,0
16278,0
14578,0
3467,0
7517,0
18718,0
1556,0
15660,0
2654,0
20415,0
13876,0
10359,0
7964,0
4432,0
4517,0
1574,0
8369,0
1784,0
20703,0
13228,0
13285,0
15545,0
1447,0
1679,0
19258,0
15165,0
9508,0
12656,0
4431,0
4036,0
6240,1
8846,0
4174,0
8770,0
1756,0
8503,1
18375,0
15405,0
2962,0
527,1
9069,0
8355,0
5344,0
17396,0
4488,0
8802,0
3745,0
7997,0
19204,0
3859,0
5852,0
1402,0
7537,0
10004,1
12244,0
5976,0
8448,0
1047,0
12063,1
12913,1
10680,0
15998,0
14523,0
9073,0
15201,1
7149,0
6358,0
15742,0
6944,0
17228,0
3856,0
7113,0
8372,0
8258,1
3791,0
20785,0
11567,1
15060,0
17310,0
1659,0
401,0
10655,0
3289,0
5319,1
14662,0
12766,0
1135,0
9644,0
14720,0
1485,0
17141,0
13996,0
5819,0
4404,0
17016,0
20192,0
8788,0
9983,0
869,0
2582,0
15761,0
7086,1
15088,0
849,0
16426,1
10308,0
5036,0
12303,0
14086,0
5622,0
11694,0
6370,0
6647,1
8047,0
8214,0
16513,1
16363,1
15531,0
2603,0
11058,0
3692,0
8237,0
8883,0
5783,0
5069,0
7900,0
16695,0
3344,0
2554,0
14540,0
9786,0
4286,0
1741,1
17322,0
9496,0
778,0
7883,0
11123,0
14267,0
8324,0
8114,0
9726,0
2433,1
19717,0
4967,0
10180,1
18111,1
15962,0
10000,0
7289,0
7257,0
2080,0
12433,0
4373,0
15923,1
14772,0
16043,0
20224,0
14276,0
11652,1
12002,0
17285,0
10800,0
14639,1
8562,0
5991,1
17847,1
9959,0
9621,0
11252,0
4356,0
5170,0
20365,0
18604,0
13361,0
12463,0
74,0
6492,0
8376,0
5529,0
19530,0
18507,0
3246,0
3647,0
7877,0
13355,0
10158,0
16064,0
19423,0
5184,1
4246,0
2479,0
4921,1
12441,0
13917,0
19102,0
716,0
6053,1
12571,1
16551,0
20803,0
115,0
8835,0
5715,0
433,0
20111,0
11535,0
3071,0
8960,0
1857,1
6237,0
4063,1
12702,1
16442,0
3145,0
5659,0
19752,0
7596,0
20541,0
20368,0
2310,0
8655,0
8042,1
8753,1
5787,0
18565,0
13641,0
1806,0
7602,0
3221,1
6510,0
19322,0
7200,0
18938,0
19445,1
16918,0
4677,0
20369,0
11129,1
5201,0
11690,0
17851,1
17822,0
16224,1
5687,0
15934,0
9510,0
12568,1
4414,0
18592,1
3165,1
1587,0
12142,1
175,0
5434,1
3387,1
11203,0
8354,0
6911,0
18536,1
7938,1
16181,0
14295,0
14185,0
9370,0
18721,0
10948,0
11932,0
6683,0
7951,1
5637,0
10174,0
16533,0
19403,1
1891,1
11749,0
10199,0
10296,0
3734,0
11175,0
19194,0
15775,0
18292,0
14670,0
14236,0
6592,0
15392,0
6688,0
4173,0
16001,0
12992,0
19097,0
18311,0
12455,1
775,0
16963,0
11177,0
17342,0
799,1
4388,0
8286,0
7589,0
16366,0
2192,0
15360,1
5049,0
7892,0
10314,1
9917,0
3203,0
9394,1
10874,1
2657,1
15108,0
11985,0
1672,0
10732,0
13166,0
2057,1
1627,0
13929,0
9769,0
18052,0
7440,0
17161,0
1761,0
13323,0
10754,0
17513,0
5865,0
17109,1
4856,0
2753,0
7789,0
2749,0
20495,0
17705,0
18095,0
14043,0
20547,0
20855,1
18187,0
8343,1
12250,0
1251,0
8075,0
1636,1
5729,0
2096,0
19688,0
18764,1
10798,0
18219,1
11847,1
5009,0
2577,0
12888,1
19085,0
19675,0
6867,0
11385,0
17955,0
20216,0
9537,0
12944,0
11774,0
10410,0
20761,0
6090,0
19052,0
9704,0
1017,0
2337,0
15512,0
1273,0
11715,0
13358,0
17647,0
11919,0
18243,0
14148,0
3302,0
7044,0
12960,0
10070,0
12418,0
12721,0
17620,1
11429,0
12762,1
13057,0
1189,0
14701,0
20514,1
1508,0
2994,0
17065,0
18998,0
14618,0
5299,1
3105,0
8018,0
13403,0
4774,0
17385,1
20565,1
17287,0
20440,0
11576,0
5768,1
3538,1
9422,1
13682,0
14843,0
668,0
18484,0
14862,0
12663,0
12716,0
15282,1
7101,1
7544,0
12967,1
20001,0
4053,0
9371,0
893,1
15239,0
220,0
15722,0
19284,0
15876,0
18560,1
91,0
11991,0
18967,0
16538,0
18847,0
18774,0
12350,1
8606,0
6337,0
9286,0
9213,1
3867,0
8705,0
16862,0
7528,0
16586,0
17356,0
6610,0
798,1
20787,0
15097,0
15865,0
7794,0
1592,0
1905,0
13815,0
1714,0
450,0
5276,1
9541,0
12882,0
14480,1
14429,0
2951,0
6033,0
11296,0
13763,0
4186,0
19668,0
3153,0
15924,1
6376,0
11744,0
2690,0
20103,0
530,0
9634,1
3056,0
5221,1
12957,0
15452,0
13186,0
4617,0
13715,0
14653,0
3226,0
4446,0
4928,0
9049,0
8073,0
15109,0
200,0
11801,0
6331,0
9573,0
12289,0
16052,0
8939,0
20204,0
10051,1
3581,0
1310,0
684,0
11637,1
19,0
14145,0
3717,0
18936,0
6219,1
17753,0
1219,0
5242,0
497,0
20112,0
12447,0
683,0
123,0
13551,1
15614,1
3905,0
8808,0
14427,0
12255,1
9395,0
6585,0
19509,0
1126,0
9382,0
11702,0
178,0
8797,0
5705,1
2718,0
11676,0
2905,0
15579,0
15866,0
18285,1
15094,0
11475,0
7786,0
11562,0
10020,0
14271,0
14808,1
13152,0
4407,0
20088,1
18789,1
9110,1
12111,0
15054,0
18986,0
18399,0
19219,0
15073,0
6263,1
14577,0
19989,0
11425,1
16948,0
12351,0
6110,0
8053,1
6071,0
6745,0
6654,1
14513,0
6316,0
1259,0
1549,1
13817,0
7329,0
3372,0
4182,0
5528,0
12515,0
2611,0
1110,1
10937,0
16778,1
6634,1
3897,0
12564,1
791,0
8380,0
7341,1
10312,1
3853,0
15146,0
13205,0
17941,0
3588,0
20185,0
16678,0
6891,0
17903,1
11823,0
17122,0
9672,0
13198,0
16408,1
8049,0
5951,0
10561,1
9758,0
4752,0
3453,0
6056,0
3965,0
2307,0
13740,0
1546,0
13441,0
20883,1
20599,0
20222,0
13841,0
13825,0
19475,0
8370,0
17939,0
3016,1
4385,1
19249,0
5821,0
19617,0
11437,0
18885,1
3714,0
20464,1
19901,0
14544,0
12265,0
1150,0
19970,0
18170,1
12926,0
1192,0
18198,0
14882,0
8450,1
13141,0
19444,0
9965,1
8202,0
8005,0
19167,0
15450,0
6504,0
19894,0
18097,1
7915,0
11713,0
4839,0
19320,0
17550,1
18452,1
10132,0
6877,1
19181,0
10342,0
10325,0
20142,0
15537,1
11448,0
9628,1
18063,0
4739,0
1635,1
3151,1
15412,0
14952,0
16301,0
14970,1
11685,1
20745,0
379,1
3115,1
13538,0
9903,1
6895,0
15163,0
4239,0
18101,0
14755,0
9699,0
10626,0
4028,0
3433,0
8124,1
18819,0
20561,0
4817,0
2982,0
597,0
8663,1
18837,1
8582,0
14954,0
18509,0
8901,0
17220,0
3058,0
9872,0
14192,0
10863,0
7392,0
231,1
12267,0
2802,0
18139,0
6939,0
772,0
3918,1
14778,0
11387,0
7671,0
20881,1
15763,0
4610,0
9120,0
5803,0
19250,0
801,0
8089,0
20347,0
19419,0
11739,0
12083,0
1918,0
6622,0
18932,0
11972,1
16400,0
5451,0
18374,1
8703,1
1606,1
8966,0
19057,0
15258,0
12569,0
16966,0
16220,0
13367,0
12946,0
10019,0
19761,0
2680,1
2839,1
126,0
19662,1
9827,0
8013,0
14441,1
15969,1
6587,1
8282,0
4341,0
14575,0
1220,0
13898,0
17520,1
18797,0
8145,0
10722,0
6002,0
5455,0
13170,0
17891,1
17580,0
105,0
10416,1
7924,0
7660,0
16198,0
20633,0
7567,0
7992,0
12522,0
16279,0
7831,0
15621,0
15858,0
10682,1
3688,0
5460,0
8385,0
19417,0
12725,0
18076,0
13588,0
5801,0
5538,1
11263,1
19453,0
13934,0
11311,1
15715,0
3685,0
16322,0
281,0
8745,1
16048,0
845,0
1266,0
18222,0
11128,0
3099,0
7775,0
11084,1
10527,0
15391,0
16311,0
681,0
14173,0
17834,0
9812,0
4285,0
11499,0
806,0
20352,1
5569,0
9388,0
14886,0
11026,0
16336,1
16911,0
18402,1
15384,0
2772,0
15248,0
5539,1
4012,0
19713,0
18156,0
10688,0
12383,1
8419,1
15221,1
12919,0
4625,0
9790,0
17329,0
5915,0
20418,0
2416,0
19698,0
7100,0
5761,1
8787,1
19554,0
16597,0
10183,0
16035,0
13190,0
13008,0
12281,0
2033,1
18282,0
11867,0
14667,1
15454,0
3922,0
1107,0
10749,0
7163,0
12018,1
12386,0
9876,0
6122,0
13106,1
7542,0
16158,0
19831,0
620,0
17218,0
2762,1
18595,1
1807,0
12144,0
8636,1
14129,0
9378,0
18744,0
18786,0
16340,1
6120,0
6383,0
7373,0
18186,0
15311,0
569,1
14104,1
4201,0
2919,0
15377,1
12609,0
9719,0
2030,0
19465,0
19768,0
15607,0
11651,0
15664,1
16456,0
5685,0
7449,0
18149,0
1591,0
14035,0
16994,1
13287,0
6935,1
2214,0
16995,0
13995,0
7511,0
6384,0
9863,0
3446,0
15913,0
4067,0
15067,0
18587,0
6127,0
16030,1
14747,0
1487,0
12593,0
14615,1
10851,1
12097,0
3048,0
8579,0
5850,1
3503,0
4372,0
20887,1
2695,0
14420,0
8398,0
6324,0
15806,0
17889,1
5629,0
2634,0
4392,0
941,0
1285,0
7347,0
15418,0
1661,0
11863,0
10531,0
11160,0
2505,0
1413,0
14788,0
870,0
2942,0
565,0
15750,0
3720,0
3096,0
20349,0
6342,0
19154,0
6572,0
5892,0
1048,0
2018,0
19326,0
11019,0
11165,1
19705,0
20076,0
15697,0
10803,0
2857,0
6092,0
7352,0
6858,0
18788,1
10936,0
20468,1
14181,0
15929,0
12336,0
6450,0
13216,1
9580,0
1003,0
18245,0
432,0
2282,0
17452,1
7376,0
11665,0
19692,1
5107,1
10085,0
3182,0
2089,1
2108,0
17099,0
6270,1
10320,0
6596,0
12539,0
8602,0
18963,1
4412,0
1936,0
18614,0
2386,0
6885,0
15683,0
5117,0
10399,0
10925,1
1258,0
3122,0
6078,1
15731,0
1306,0
15762,0
10380,0
15850,0
4492,1
7170,0
2647,0
10347,0
9352,0
13693,1
4913,1
1353,0
11832,0
18512,0
10768,0
18609,0
15453,0
20768,1
7713,0
6719,0
11391,1
3267,1
19402,0
18306,0
15543,0
7850,1
2741,0
12744,0
130,1
6559,1
8723,0
14,0
19163,0
1346,0
18061,1
14340,0
20622,1
1429,0
15185,0
14067,0
12860,0
14270,0
9100,0
11710,0
8909,0
15019,0
16848,0
2400,0
6374,0
3519,1
14766,0
3375,0
19245,0
9729,0
18482,0
1897,0
16745,0
13500,0
12795,0
7600,0
4259,0
4616,0
7060,0
15995,1
10413,1
9361,0
14684,0
19430,0
11673,0
19255,0
10860,0
3426,0
6597,0
4958,0
14714,1
16381,0
5308,0
20405,0
10659,0
11285,0
1621,0
6357,0
16864,1
7490,0
16945,0
7214,0
6246,1
4732,0
19162,0
8102,0
11621,0
543,0
12301,0
2943,0
4637,1
9439,0
10935,0
2194,1
15982,0
19019,0
8894,0
4993,0
8791,0
8845,1
8095,0
7404,0
623,1
2784,0
13920,0
6457,0
14576,0
18182,0
3680,0
2136,0
4381,0
20317,1
26,0
2395,0
9102,0
20566,0
3775,0
11620,0
14740,0
6079,1
9271,0
2747,0
1020,1
2127,1
18771,0
7966,0
20784,1
1676,0
15819,0
16202,0
17819,0
17713,1
19646,0
20437,0
19200,0
3061,0
892,0
925,0
19621,0
19437,1
17636,1
4455,0
20810,0
19065,0
10232,0
18421,0
10750,0
17673,1
10167,0
7177,1
3567,0
7795,0
1359,0
12239,0
11997,1
14135,0
2628,1
3250,0
14901,1
1388,1
1800,1
17496,0
4775,0
9847,0
3792,0
19900,0
2742,1
7649,0
16396,1
11864,0
8377,0
10215,0
20198,0
15145,0
4547,0
8149,1
9763,0
7110,0
18685,0
1441,0
8371,0
12632,0
4953,0
6501,0
16074,0
18206,1
9581,0
2170,0
14812,1
11742,0
11776,0
8158,0
5510,0
1963,0
6755,0
1965,1
6972,0
12309,0
9487,0
17559,1
4134,0
11314,0
2923,0
19088,1
318,0
3046,0
5111,1
8938,0
17147,0
13781,1
18025,0
642,0
4045,0
136,1
14556,0
12553,1
4185,0
19519,0
7767,1
184,0
4705,0
14940,0
11904,1
981,0
10880,0
5578,0
8740,0
1199,0
17031,1
15624,0
7485,0
6380,0
1322,0
3667,0
6042,0
7685,0
3489,0
546,0
2875,0
12184,0
16520,0
8144,0
9035,1
15334,0
19184,0
15704,0
4830,0
9368,1
19772,0
4313,0
7648,0
14567,0
7609,1
7459,0
1309,1
9968,0
11971,1
11866,0
10463,1
12230,0
4281,1
10182,0
4419,0
16907,1
13224,0
20791,0
20802,0
14703,0
15628,0
19252,0
11706,0
14956,0
15104,0
9817,0
3323,0
15541,0
9964,1
17944,0
15950,1
11640,1
20153,0
17745,0
8653,0
4927,0
3212,0
7068,1
19791,0
10728,0
10536,0
14421,0
19106,0
16736,1
5999,0
9188,0
10425,0
9511,0
12898,0
10501,1
361,0
1870,1
5039,0
14532,1
8806,0
12710,0
6828,0
9900,0
2467,0
14836,0
8936,1
16045,0
8872,0
2563,0
9875,0
15131,1
363,1
17142,0
20699,1
10927,0
10374,0
9098,0
9806,0
19267,0
9781,0
20590,0
8030,0
9074,0
2004,1
16528,0
15210,0
139,0
2068,0
17171,0
18665,0
17129,1
3171,0
1669,0
16661,0
4254,0
8873,0
5320,1
5226,1
4911,1
17867,0
13384,0
4803,0
4267,0
18488,0
19341,0
9740,0
13628,0
13760,0
5911,1
11718,0
9072,0
17009,0
5422,1
15849,1
13562,0
15892,0
11465,0
6369,0
1252,0
10705,0
14252,0
9084,0
3214,0
4113,1
20670,1
16316,0
5324,0
9770,0
3401,0
20187,1
19304,1
12394,0
12796,0
6762,0
14473,0
10572,1
2472,0
5955,0
10318,0
5805,0
13998,0
169,0
12172,0
18627,0
4639,0
16984,0
14451,0
8430,1
14918,0
7933,0
8173,0
4483,0
12758,0
10077,0
8672,0
5889,0
814,1
6973,1
18866,0
17074,0
18884,0
19279,0
17881,1
19348,0
2630,0
6707,1
11675,0
9715,0
5369,0
14163,0
1158,0
18354,1
18631,0
15709,1
5655,0
18839,0
14917,0
10126,1
10492,1
6687,0
3788,0
20550,0
7862,0
7942,0
17697,0
8157,0
9773,1
17769,0
20742,0
8675,0
7194,0
506,0
14635,0
441,0
8885,0
11264,0
10528,0
1696,0
1981,0
2226,1
13102,0
12982,0
10079,1
20145,0
13857,0
7415,0
20161,1
957,1
19612,0
2601,0
10212,0
2466,0
8206,0
20623,1
19758,0
16851,1
291,0
9206,1
7622,0
20848,0
15393,0
9946,0
12763,1
9800,0
7361,0
14321,0
837,0
9456,0
6875,0
5961,0
7429,1
14294,0
13580,0
19311,0
5329,0
10036,0
7150,0
2631,0
14832,0
20845,0
8325,0
12117,0
15013,1
8223,0
11666,0
3284,1
4626,1
304,0
12690,0
1637,0
7266,0
525,0
17169,1
6836,0
12958,0
5554,0
7055,1
13741,0
6805,0
17782,0
8750,0
3743,0
4452,1
10448,0
15523,1
4233,1
3001,0
12705,0
18996,0
14219,0
2099,0
5721,0
19016,0
6984,0
10040,0
15178,1
20744,0
12341,0
19125,1
8768,1
19611,0
18776,0
5078,0
7981,0
8876,0
3213,0
13566,0
14559,1
2910,0
20614,0
2492,1
691,0
7651,0
9112,0
4060,0
12904,0
11879,0
19517,0
11639,0
18224,0
13515,0
3521,1
7952,1
13872,0
2889,0
10128,0
8634,1
15708,1
182,1
19584,0
4029,0
18862,0
15640,1
15297,1
15720,1
19834,0
4309,0
5806,0
11704,0
4900,0
18430,0
4956,0
3984,0
12208,0
12207,0
18278,1
7439,0
9384,0
1847,0
254,0
14301,0
6652,0
7849,1
8809,0
17900,0
18411,0
6236,0
8270,0
12590,0
534,0
9982,0
13391,0
7852,0
17175,0
15156,0
13401,0
282,0
16607,0
774,0
18532,0
7327,0
15312,0
10664,1
1008,0
13211,0
15217,0
17730,0
16782,0
19972,0
10103,0
20905,0
9404,0
6866,0
7133,0
16229,0
19949,1
18931,0
18350,1
6505,0
9248,0
1301,0
15245,1
17388,0
16445,0
17320,0
13144,0
10376,0
11531,0
3544,0
14712,0
20071,1
71,0
10361,1
73,0
4948,0
16302,0
19481,0
16026,0
6770,1
14850,0
11023,0
8211,0
15059,0
16312,0
13140,0
20074,0
2893,1
8997,0
98,0
19242,0
13492,0
529,0
13496,0
18392,0
3247,0
4630,1
17558,0
19870,0
10872,1
11380,0
19216,0
4273,0
20375,0
306,1
11626,0
8552,0
5515,0
340,1
250,0
8728,0
8292,0
15354,0
8459,0
20199,0
3352,0
9698,0
9639,0
1421,0
15656,1
10221,0
3188,0
11546,0
20544,1
20588,1
14777,0
6555,0
13253,0
7898,0
4608,0
818,0
15295,1
16595,0
7896,1
7637,0
6568,0
19590,1
7045,0
16860,0
20878,0
14845,0
777,0
17972,0
3992,0
7134,1
13443,0
6825,0
16991,1
3552,0
4425,0
15568,0
20136,0
14723,0
883,0
12275,0
16040,0
6809,1
6455,0
8560,0
470,0
562,0
16120,0
18260,0
17759,0
7615,0
20486,0
19185,0
19820,1
9007,0
3874,0
18513,0
8163,0
10600,0
16201,0
2549,0
9207,1
1890,1
17362,0
790,0
7741,0
9417,1
6855,0
16083,0
19118,0
1395,1
20356,0
6466,0
9926,0
20233,0
12133,1
17441,0
333,0
5281,0
20450,0
13681,0
18831,0
9057,1
8179,0
16006,0
3482,0
11062,0
8067,1
12156,1
10836,0
19220,0
2278,0
16845,0
537,0
2315,0
15942,0
15319,1
18525,0
5463,0
5430,0
17120,0
15002,0
3430,0
3142,0
4522,0
7891,1
13789,0
4523,0
15764,1
16582,0
15329,0
13982,0
3877,0
6951,1
16321,0
8532,1
9533,0
5570,0
4369,0
11449,0
15643,0
2147,0
5671,0
5807,0
18389,0
15378,0
14960,0
5749,0
4683,0
6456,0
17037,0
7781,0
6158,0
9849,0
10617,0
4515,0
7487,0
3194,0
19729,1
4959,0
3303,0
2408,0
11852,0
3154,0
6527,0
22,1
8332,0
53,0
18759,0
15406,0
7461,0
19093,0
1708,1
9178,1
13267,0
11573,0
8838,1
12044,0
3840,0
11486,0
1496,0
377,1
13778,0
7276,1
18678,0
20850,0
10367,0
3556,0
9761,0
12232,0
16032,1
11957,0
5686,0
2502,1
19276,0
9381,0
11309,0
5527,0
2697,0
5531,0
7945,1
2615,0
15990,0
7712,0
3748,0
8062,0
54,0
18065,1
17977,0
15532,0
14614,1
8136,0
8032,0
8438,0
14402,0
19404,1
11708,1
5693,0
1265,1
12391,0
15061,0
8322,1
13157,1
3900,0
6607,0
15278,1
18108,0
16610,0
16409,0
1439,0
4348,0
16288,0
20172,0
11819,1
20400,0
4827,0
2105,1
9173,1
1474,0
3485,0
13611,1
19913,0
15853,0
15891,0
7488,0
8142,0
11224,0
11345,0
9446,0
11340,0
14206,0
20484,0
6977,0
17000,0
4979,0
373,0
19773,0
3198,0
5382,0
10994,0
16037,1
7365,1
20655,1
3945,0
7082,1
9784,0
13707,0
18942,0
18900,0
2558,0
3781,0
7246,0
3741,0
6743,0
18227,0
19038,0
11250,0
9579,0
8972,0
13484,0
9996,0
11419,0
20499,1
14562,1
13662,0
18270,0
5747,0
5644,0
12815,0
2343,0
19926,0
8923,0
3523,0
14059,0
1993,0
6165,0
8116,0
6756,0
13329,0
14324,1
12176,1
5900,0
5282,0
8840,1
16730,0
17333,0
7398,0
17784,0
20457,0
12621,0
16935,0
2859,0
15174,0
16967,0
556,0
19285,0
20072,1
9543,0
11740,0
5829,0
20114,0
11310,1
19021,0
6404,1
9048,0
16970,0
770,0
2111,1
207,0
12327,0
12464,0
7552,1
8798,0
12521,0
14397,0
13028,1
4659,0
12580,0
8988,0
13802,0
20653,1
13518,0
20125,0
3810,0
20245,0
17765,1
18990,0
20912,0
4607,0
10062,0
17269,1
20058,0
992,0
9379,0
12060,1
2539,0
16482,0
20258,0
1000,0
7584,1
20864,0
6628,0
1534,0
1291,1
17203,0
4418,0
11183,0
10666,1
2722,0
2168,1
7885,0
1751,0
17993,0
10783,1
5619,0
14718,0
12659,0
15352,0
16167,1
19796,0
10789,1
2054,0
9380,0
9782,0
17107,0
15897,0
13586,0
14739,0
20901,0
9471,0
13974,0
20877,0
10644,0
1689,0
19682,0
16846,0
10607,0
5190,0
12892,0
16345,0
3852,0
8389,0
4999,0
11764,0
18134,0
12065,1
440,0
1788,0
6224,0
15009,0
1141,0
10792,0
7557,0
3403,0
6336,0
14144,0
17219,0
10271,0
6816,0
2635,0
10148,0
20517,0
20436,1
7313,0
3735,1
20692,1
16874,1
7354,0
12415,0
6695,0
6602,0
342,0
5550,0
10424,0
15522,0
9498,0
5814,0
10593,0
2213,0
19160,0
18203,0
4943,1
10234,0
1098,0
5667,0
11824,0
9648,0
3348,0
927,0
7628,0
13324,0
5245,0
10431,0
15198,0
6147,0
19393,0
5440,0
15346,0
17948,0
1283,0
19309,0
5271,0
13599,1
5477,0
18610,0
13420,1
2259,0
14555,0
20102,0
10224,0
3476,0
7625,0
13335,0
19708,1
17656,1
14637,0
10689,0
11625,0
10195,0
12307,1
9401,0
13011,0
32,1
3857,0
1009,0
13017,0
15090,0
13386,0
10729,0
18580,0
6003,0
12902,0
19607,1
17014,0
10087,0
5120,0
14628,1
18535,0
14979,0
9246,0
9433,0
11324,0
16249,1
6853,0
13139,0
16817,0
16029,0
19468,0
19923,0
15218,0
10813,0
19190,0
3873,0
2327,0
15075,0
8563,0
19873,0
2008,0
10601,0
12660,1
3144,0
20762,0
5300,0
20779,1
10268,0
18977,0
11192,0
16377,0
12056,0
16168,0
16053,0
5202,0
9386,0
9980,0
2414,0
3103,0
16472,0
13046,0
14902,1
19852,0
11987,0
11944,0
2666,0
16843,0
8268,0
19100,0
13388,1
14527,1
11200,0
2288,0
9953,0
6516,1
13378,0
19243,0
7316,0
11728,0
15834,0
4808,0
1237,1
20842,0
8741,0
20595,0
4278,0
8076,1
13004,0
6669,0
3193,0
1490,0
5540,0
19728,1
17057,0
14379,0
14016,0
20849,0
7810,0
19937,0
6633,1
8699,0
3555,0
16926,1
18294,0
8478,0
14994,0
10377,0
16644,0
11295,0
20165,0
17750,0
3189,0
13737,1
11505,1
5230,0
15958,0
19663,0
7792,0
20105,0
2831,0
11228,0
13158,0
5325,0
10037,0
12911,1
909,0
3706,0
15270,0
14846,0
19005,0
18769,0
17929,0
1387,0
11421,0
43,0
18873,1
1956,0
7536,0
8942,0
4568,0
3780,0
12186,0
7994,1
3841,0
14805,0
10493,1
13575,0
15507,0
8066,1
13713,0
20280,0
8035,1
10498,1
14518,1
14910,0
579,1
12165,0
1932,0
15739,0
3595,0
7762,0
3541,0
13942,0
12040,0
18410,0
995,0
13049,0
19998,0
10290,1
8231,1
2220,0
19964,0
17286,0
13801,0
12852,0
4469,0
20497,0
6439,1
12524,0
3364,0
10349,0
19637,0
2371,0
11514,0
8216,0
15,0
4216,0
2506,0
19365,0
2098,0
16081,1
7664,1
7002,0
20005,0
9835,0
5782,0
18956,1
16478,0
8722,0
11937,0
14950,0
5332,0
17787,1
16794,0
16624,1
13495,0
6840,0
17194,0
2383,0
19925,0
18935,0
14897,0
15474,1
16410,0
2862,0
4434,0
15400,0
4797,0
17068,1
13930,0
20343,0
14685,0
19455,0
524,0
5169,0
359,0
10366,1
3981,0
5479,0
9624,1
9200,0
4917,0
9318,0
17964,0
1786,0
12683,0
16307,1
4346,0
9255,0
15901,0
15410,0
4287,0
3703,0
15610,1
355,0
6574,0
15047,0
4738,0
10564,0
1622,0
18037,1
10799,0
374,0
9430,1
8181,0
17949,1
3120,0
7561,0
9233,0
10466,0
15686,1
17805,0
4237,0
765,0
11070,1
5032,0
99,0
1804,1
1575,0
7874,0
12473,0
10450,1
13288,0
12863,0
12573,0
6981,0
3759,0
10548,0
6491,0
6175,0
8595,0
3290,1
3422,0
5826,0
10507,0
1025,0
19119,0
1051,1
1065,1
13537,0
7608,0
18069,0
5317,1
20335,0
15618,0
12623,0
16611,0
391,0
5486,0
4641,0
20213,0
4129,0
10185,0
360,0
2503,0
720,0
8685,0
13225,0
13881,0
4779,1
4740,0
11930,0
13412,0
4998,0
20538,0
4886,1
20324,0
11711,0
9040,0
3090,0
4261,0
6508,0
11982,1
14425,1
7735,0
6123,1
1675,1
16469,0
20137,0
13816,0
15105,0
15794,1
4470,1
14573,0
5371,0
6250,0
12218,0
5970,0
13402,0
1069,0
20871,0
715,0
18941,0
8958,0
20300,0
10122,0
4423,0
6639,0
6920,0
13128,0
13888,0
15275,0
10933,1
9267,1
5567,0
8964,1
2149,0
2751,0
7526,1
3424,0
10253,0
18130,0
14049,0
8464,0
17163,0
20097,0
13985,0
8538,0
16141,0
15549,0
15046,0
14947,0
20180,0
15017,0
19324,0
11910,0
8902,0
1818,1
19303,0
6714,0
498,0
19770,0
930,0
13743,0
7967,0
17691,0
6013,0
15595,1
6760,0
13574,0
7454,0
932,0
15515,0
20662,0
2785,1
3509,0
4408,0
1852,0
316,0
13811,0
1010,0
17760,0
4164,0
19555,0
16437,0
17327,1
16136,0
9051,0
1435,0
2188,0
2879,1
3963,0
5191,0
5505,0
4946,0
12027,0
9666,0
8946,0
19189,0
11220,0
17471,1
19247,0
9344,0
18159,1
14636,0
9416,0
8491,0
20593,1
7047,0
11735,0
10580,0
8736,0
13864,0
9140,1
3761,0
824,1
19011,0
2966,0
6025,0
20195,0
19905,0
4360,0
13005,0
508,0
13489,0
19398,0
17036,0
678,0
5030,0
18158,0
14109,0
6010,0
13865,0
10443,0
2925,0
7456,1
7471,0
5134,0
10510,0
12137,0
18543,1
