application_id,TARGET_proba
223,0.0033
20671,0.6741
2218,0.003
19196,0.0327
13088,0.0648
7638,0.0259
3951,0.0034
9958,0.0045
4467,0.0412
14401,0.648
3249,0.0393
17160,0.0014
18893,0.0053
295,0.1231
19210,0.0587
13466,0.0023
9350,0.013
4049,0.389
1177,0.0081
8436,0.0295
13891,0.0045
6252,0.0365
16139,0.057
19551,0.4021
20702,0.2755
3319,0.0115
5458,0.9248
2845,0.4944
10265,0.0101
19239,0.1236
4364,0.2125
12140,0.005
20767,0.755
18593,0.8516
11719,0.0105
13820,0.0017
285,0.0077
19237,0.1236
5135,0.0026
7425,0.7391
11294,0.7673
4277,0.8256
4103,0.1252
1337,0.1251
2621,0.0045
6024,0.1144
18521,0.0538
15716,0.0629
5927,0.0182
12570,0.035
13502,0.8355
1639,0.3821
16980,0.0939
10209,0.7346
5211,0.101
15944,0.0636
4636,0.0086
8807,0.3028
6054,0.3499
10579,0.6582
20512,0.0424
12167,0.0276
864,0.7087
1934,0.0401
9939,0.0209
19110,0.0495
17554,0.2575
14624,0.4311
1484,0.0059
20543,0.2277
6046,0.0118
14008,0.012
15847,0.8448
14822,0.1986
13640,0.1335
4075,0.0132
18828,0.0155
18344,0.0675
4165,0.3481
3185,0.0696
20683,0.3157
14142,0.1126
5187,0.9724
6999,0.0093
12847,0.0085
16108,0.0118
6958,0.0209
15154,0.2871
9754,0.1337
9383,0.0044
6356,0.0062
2272,0.0028
7858,0.0074
16497,0.8847
7304,0.1359
13983,0.0286
413,0.7653
2644,0.0526
16310,0.0151
960,0.0199
3109,0.0044
15932,0.0163
376,0.2054
19860,0.264
10758,0.2183
13592,0.0026
5478,0.0031
7943,0.9416
15324,0.047
7166,0.0308
18903,0.0187
3562,0.0204
4409,0.0112
12925,0.0362
18247,0.0969
1779,0.0231
17579,0.2769
10054,0.1552
4158,0.9183
1211,0.0135
7719,0.213
13474,0.025
19485,0.1888
18951,0.0306
14756,0.0033
3315,0.0106
15767,0.1158
558,0.0023
9186,0.0604
6368,0.298
6274,0.7167
3728,0.0039
18288,0.4611
4968,0.1616
3197,0.0361
13024,0.1912
19360,0.0646
10074,0.006
901,0.0622
19002,0.0503
16386,0.0033
20069,0.0435
3389,0.1148
4413,0.0666
5620,0.0086
17266,0.3479
4142,0.0017
5754,0.0959
11256,0.0142
18497,0.0049
15843,0.2792
8170,0.0042
18910,0.9303
9403,0.0886
20553,0.0017
2447,0.0234
8941,0.252
7005,0.1247
2531,0.033
766,0.0362
10641,0.0579
6310,0.0007
19565,0.0064
17599,0.0256
2698,0.0369
553,0.0362
17455,0.0058
20067,0.0477
11820,0.0519
15250,0.0407
6679,0.1035
5562,0.8601
4947,0.3456
11496,0.0004
13700,0.0181
4465,0.0042
13907,0.0152
8982,0.8768
11217,0.0057
14629,0.0027
1040,0.0332
9739,0.1064
4007,0.0229
5859,0.852
19340,0.2834
8504,0.0383
4656,0.0043
1228,0.0038
3208,0.1008
20075,0.0494
3492,0.0694
7301,0.5137
1031,0.0816
16676,0.0301
5151,0.0704
7291,0.0411
10896,0.0285
4566,0.1418
6194,0.9142
3949,0.1231
19895,0.0853
2518,0.0237
11135,0.0041
19332,0.0339
19492,0.3698
1188,0.073
10577,0.396
5631,0.0977
17170,0.8559
15727,0.0441
4386,0.8497
9225,0.6815
2711,0.0015
17981,0.1854
6761,0.0592
11698,0.3183
18581,0.2062
16331,0.0275
15946,0.0636
7277,0.6868
2510,0.0005
8090,0.0106
11647,0.9595
12424,0.5351
4398,0.2228
326,0.0651
10945,0.0076
13132,0.0055
7369,0.0323
5932,0.9447
7655,0.0208
5551,0.1948
19982,0.1011
11754,0.937
6279,0.0102
13836,0.0485
3318,0.0167
6020,0.0385
5083,0.8128
20835,0.0551
15755,0.5924
7008,0.0429
4152,0.8133
12787,0.2518
14221,0.012
8288,0.0036
18293,0.6385
17611,0.5947
1233,0.5397
6067,0.1629
19625,0.016
15401,0.2433
19572,0.0082
5437,0.3249
9556,0.1804
11215,0.011
2430,0.0328
5727,0.0446
8993,0.0058
14117,0.1907
15012,0.8068
17744,0.4039
9706,0.1098
192,0.1026
19132,0.6
2261,0.039
11933,0.9351
9733,0.1164
7278,0.6868
15345,0.0172
9943,0.0677
8245,0.7307
7866,0.0019
8994,0.0373
7179,0.096
10258,0.021
12910,0.0266
4688,0.598
17743,0.0015
421,0.0802
16931,0.0545
13405,0.1114
16436,0.0083
12651,0.0083
19893,0.3886
8434,0.2986
16928,0.8844
920,0.0211
19291,0.2007
3543,0.0777
9796,0.5768
11897,0.0139
7807,0.1043
14472,0.0141
3643,0.1207
5719,0.0244
10479,0.9011
1165,0.0034
16971,0.1372
6137,0.1154
3726,0.0011
20178,0.3178
19483,0.0018
3126,0.0479
11267,0.0037
6819,0.9411
9240,0.0229
13320,0.0272
5456,0.9248
10697,0.0039
7574,0.114
5571,0.8591
15558,0.0202
9737,0.3305
13529,0.0033
9229,0.199
12746,0.0045
19700,0.0003
3690,0.0912
7421,0.882
7359,0.0042
6360,0.0531
218,0.0075
20314,0.0213
20264,0.0165
16367,0.4596
3860,0.239
15374,0.0316
5110,0.0276
6430,0.0032
12224,0.0309
1366,0.0618
15653,0.0031
6476,0.004
846,0.302
4866,0.0234
9816,0.0497
3804,0.0085
18051,0.0208
8070,0.7747
3634,0.0015
16784,0.0552
20736,0.0005
14175,0.1865
15917,0.0852
4772,0.5082
5681,0.4667
5321,0.7952
15582,0.3418
1678,0.002
14149,0.0111
4755,0.0061
16779,0.0555
2521,0.0659
11336,0.0021
58,0.857
10560,0.0113
19229,0.0246
17777,0.3304
10533,0.833
19858,0.1547
3849,0.0098
578,0.1512
20847,0.0083
5922,0.1652
547,0.2509
1848,0.0124
7450,0.2886
8008,0.2116
972,0.8156
15390,0.0281
18234,0.0114
163,0.0003
6287,0.9216
11139,0.9132
2863,0.052
6776,0.8475
19372,0.007
19195,0.0074
6732,0.6455
10261,0.1097
16683,0.0731
9108,0.8379
14477,0.8216
1143,0.0287
15494,0.2008
1255,0.8116
16383,0.0749
9561,0.8988
13486,0.0144
14941,0.0053
37,0.0147
14864,0.0231
4909,0.2293
622,0.0398
17914,0.0067
9000,0.9238
9652,0.0089
10596,0.0082
2781,0.8995
4219,0.1887
4693,0.7451
4658,0.2016
3030,0.0023
15986,0.0496
3884,0.7373
18777,0.0166
14355,0.0016
1515,0.1696
13349,0.2212
17185,0.0028
12905,0.1431
17032,0.1053
13069,0.017
5757,0.005
8025,0.0627
10239,0.0505
17028,0.0237
13272,0.0274
13630,0.6263
18812,0.0207
9551,0.2213
17899,0.166
10442,0.0476
20167,0.2239
9665,0.0111
771,0.004
631,0.0136
5384,0.0313
13903,0.007
19392,0.0174
4972,0.0418
4631,0.0828
20119,0.1069
2422,0.8852
9149,0.1868
20556,0.2373
8996,0.0376
1768,0.53
8024,0.4168
15623,0.1214
16654,0.8373
16702,0.0925
3909,0.7825
5880,0.0044
3750,0.0362
15487,0.042
6962,0.7673
8087,0.1119
14304,0.0413
15542,0.301
107,0.5747
7607,0.2867
18550,0.0013
6058,0.0124
10952,0.1333
5086,0.9837
18359,0.0173
7380,0.0167
20297,0.0041
7633,0.0651
1922,0.1318
18218,0.0051
2973,0.0232
2830,0.0528
1477,0.0008
3346,0.3957
20431,0.0025
6233,0.0059
1326,0.0059
13273,0.0007
15756,0.113
4496,0.9538
10908,0.0186
12708,0.4747
19136,0.0041
2425,0.0152
12870,0.0669
17597,0.9006
1560,0.1297
8908,0.0733
1584,0.0037
8898,0.0076
4771,0.9323
10642,0.0186
7846,0.032
1974,0.0033
13803,0.2447
4367,0.0773
19268,0.0979
6737,0.0321
17150,0.1132
6264,0.5196
20504,0.0035
20064,0.9187
7695,0.0953
3220,0.0024
10091,0.0518
5692,0.0036
10854,0.9211
20682,0.0107
12020,0.114
17538,0.0043
20366,0.2923
1169,0.6352
3934,0.0674
17429,0.013
3288,0.0044
13048,0.0302
3065,0.7154
2616,0.971
10394,0.0946
18281,0.0003
9042,0.3482
20397,0.0372
18730,0.0033
10931,0.003
13833,0.2156
18855,0.7774
17499,0.0598
8990,0.8454
19939,0.0472
1203,0.0133
8629,0.0015
4169,0.0106
15637,0.0076
17445,0.5319
9776,0.9486
6009,0.1856
11427,0.0312
2946,0.884
14345,0.0016
5636,0.1225
12445,0.0085
4160,0.407
8708,0.8778
9855,0.2583
12385,0.5409
2266,0.049
14099,0.0978
7431,0.0243
13519,0.0271
12057,0.002
16756,0.1136
9684,0.051
8375,0.0025
18680,0.0004
8310,0.7984
20334,0.0016
11615,0.0157
12320,0.0079
13793,0.8966
3163,0.0628
19696,0.0082
5489,0.0517
4066,0.0024
1457,0.9317
15825,0.0661
20806,0.8966
5794,0.1013
469,0.0097
6783,0.0388
13717,0.1366
9469,0.9654
14328,0.0944
15123,0.0422
3095,0.0505
8804,0.0794
2439,0.7504
10622,0.0164
501,0.0907
9957,0.0435
17326,0.8874
18664,0.0743
6434,0.0006
1759,0.0223
4230,0.0134
14447,0.0119
8695,0.872
2517,0.9107
14377,0.9635
14674,0.0351
16476,0.0185
13960,0.003
11950,0.0361
18690,0.0533
13893,0.0045
9447,0.11
13661,0.1068
7687,0.0111
18545,0.0646
4447,0.2405
18193,0.0062
7493,0.007
4933,0.0904
1854,0.0205
16869,0.0021
17265,0.0935
15498,0.1342
20285,0.0509
9067,0.0909
16796,0.0101
17477,0.0515
7462,0.1229
19636,0.0876
12733,0.0058
6111,0.0025
10187,0.0135
196,0.7977
4283,0.8906
7677,0.0724
289,0.9487
18302,0.01
20179,0.0005
3029,0.0142
13092,0.0326
18586,0.008
2482,0.0017
14827,0.0356
18804,0.0751
10928,0.0219
10946,0.0513
7548,0.3009
6890,0.1405
1642,0.788
12330,0.3033
9712,0.011
6309,0.0055
10458,0.1135
1649,0.0026
2023,0.0133
13963,0.0342
10189,0.0135
9562,0.2897
8843,0.6776
11946,0.1031
5476,0.0013
15696,0.0213
3850,0.0167
15561,0.056
18330,0.8531
3989,0.1393
17415,0.0148
20339,0.0012
9101,0.1361
3101,0.0034
9165,0.1008
20775,0.2345
17508,0.1647
7888,0.0023
18671,0.0085
5596,0.8775
12719,0.0232
6375,0.5879
773,0.252
16982,0.0281
15887,0.1023
14840,0.8475
1234,0.5397
19137,0.0113
5910,0.8872
2948,0.2644
7213,0.0017
16163,0.0097
7010,0.2066
14683,0.0429
20839,0.0055
9555,0.0086
16690,0.0118
19213,0.5862
4003,0.0413
7828,0.0107
15106,0.1302
6882,0.0053
2262,0.0039
10793,0.0631
12805,0.1168
3341,0.0167
16596,0.2261
16484,0.0041
5503,0.0232
18459,0.1046
10826,0.015
3848,0.0042
11633,0.9512
894,0.09
18396,0.8995
2305,0.0258
10972,0.0633
9707,0.0048
1446,0.0017
8925,0.0039
9923,0.2672
7311,0.3832
14617,0.0853
11613,0.0545
1646,0.0183
2810,0.1464
5864,0.0014
10847,0.005
7983,0.2713
9841,0.0358
16187,0.0078
19305,0.9307
1797,0.0066
19922,0.0808
7843,0.7408
4498,0.3275
8152,0.0663
14356,0.0028
2005,0.7593
8387,0.236
8957,0.0582
19046,0.0709
3568,0.2961
2604,0.0243
17675,0.3706
11302,0.4937
11004,0.0015
15016,0.0914
13911,0.4066
15026,0.7612
11468,0.0115
18620,0.8198
12431,0.8473
8295,0.7721
14384,0.1059
1312,0.0673
15435,0.109
20559,0.0891
11568,0.1671
19725,0.9065
4189,0.0029
16258,0.0147
20048,0.9789
14705,0.0071
20927,0.0434
20477,0.0727
9565,0.1624
8508,0.0505
11551,0.0442
18584,0.6681
14154,0.0253
16594,0.0014
9486,0.1005
11010,0.0022
14647,0.0088
8732,0.0006
18274,0.0319
8011,0.0092
8106,0.0809
11073,0.5221
8393,0.9124
7297,0.1241
12022,0.0102
12619,0.0004
2792,0.019
15919,0.005
17776,0.0386
5129,0.1293
19272,0.0563
7469,0.009
12279,0.016
3650,0.568
8726,0.0369
10159,0.0453
7155,0.1706
18655,0.0977
17714,0.0802
1907,0.001
3407,0.028
11732,0.0538
13187,0.0972
14998,0.0456
4002,0.0413
9686,0.085
4534,0.004
2455,0.0437
17869,0.0219
6043,0.0108
7299,0.2384
6117,0.139
4538,0.07
2705,0.0158
15593,0.9148
20057,0.2736
4718,0.0138
12334,0.0864
19426,0.5464
1186,0.0045
8091,0.0133
2721,0.1588
14153,0.0566
2185,0.8176
4046,0.0615
10267,0.2484
17119,0.1843
8644,0.1669
443,0.007
13002,0.0276
1954,0.0072
5273,0.0356
113,0.0053
17291,0.0069
851,0.0032
11364,0.0358
16955,0.1209
9879,0.0263
7748,0.0663
11086,0.0013
14436,0.0331
14627,0.892
10753,0.0275
13884,0.8689
5603,0.1101
14403,0.0015
17262,0.8601
13912,0.0415
10625,0.8246
12584,0.1661
6729,0.9364
394,0.0252
5823,0.0065
13498,0.0068
9491,0.027
19979,0.0011
19290,0.0076
10714,0.0147
8801,0.0012
8954,0.0042
19602,0.8906
16689,0.0406
14585,0.0478
1578,0.5716
19564,0.0169
17018,0.1764
18869,0.9672
8609,0.1369
18432,0.1658
2686,0.0307
15908,0.5518
19343,0.0365
19756,0.0041
4125,0.0103
19541,0.8211
9459,0.109
8515,0.6426
1481,0.068
11332,0.0094
1195,0.0621
11289,0.6561
15286,0.0107
102,0.0237
19270,0.0028
7221,0.023
20278,0.6673
10695,0.011
6831,0.001
17305,0.2924
18448,0.0211
6217,0.0789
12153,0.1031
16493,0.0117
15993,0.0457
18908,0.0498
11507,0.037
1938,0.0441
10790,0.041
2407,0.0013
7410,0.0091
3278,0.0264
7141,0.0368
2181,0.198
2882,0.0456
8521,0.0143
14068,0.003
1765,0.0123
11532,0.0658
8167,0.5126
4614,0.0242
18785,0.6723
12714,0.0638
2720,0.2463
4941,0.0319
10303,0.1663
18748,0.8548
18913,0.0812
15680,0.1246
275,0.018
7216,0.767
2406,0.1557
9612,0.0228
2376,0.0482
3845,0.0203
6612,0.9406
1670,0.0115
974,0.108
16457,0.7097
12973,0.0188
1163,0.1227
10490,0.5321
13241,0.0112
961,0.1623
1002,0.0333
14858,0.1414
13105,0.0367
12821,0.0036
12204,0.1494
8483,0.7236
14088,0.0029
5931,0.0999
8489,0.1031
1887,0.8484
15264,0.9089
1067,0.9136
13905,0.0037
19709,0.8549
6960,0.7673
8500,0.1979
19035,0.0811
17402,0.0237
4984,0.0173
11671,0.014
13231,0.8105
12887,0.875
10938,0.0053
19849,0.0359
18177,0.2418
13958,0.2
2815,0.0948
14268,0.1801
18697,0.0009
20219,0.1414
15564,0.3578
12166,0.01
9314,0.0011
15125,0.1045
1740,0.7349
17936,0.0107
10781,0.8159
13725,0.0044
20549,0.4172
19192,0.0104
3507,0.0002
2258,0.132
2861,0.1931
8059,0.9429
13118,0.0053
14191,0.0772
7308,0.0011
15514,0.2533
5121,0.0059
2997,0.0217
938,0.0878
8507,0.5083
9389,0.0035
15842,0.2792
1656,0.7969
9026,0.7587
7151,0.057
5901,0.0709
19009,0.0344
16694,0.1754
14084,0.3928
19312,0.0011
14147,0.0033
8622,0.3201
18042,0.4841
18450,0.0738
16294,0.2524
5082,0.8128
17468,0.3216
10055,0.7305
12078,0.0097
13020,0.0198
5029,0.1051
675,0.8594
5377,0.0891
13590,0.1713
14889,0.0637
8281,0.006
20724,0.0101
11980,0.0412
7577,0.0284
238,0.0047
3258,0.5128
17479,0.0075
11969,0.0118
5830,0.0033
3190,0.0199
13222,0.0023
2392,0.0223
11649,0.0122
15272,0.0929
2671,0.9007
20629,0.0588
1951,0.0067
4298,0.0178
3332,0.0012
17024,0.002
16468,0.0822
9708,0.0064
7191,0.8271
3786,0.0996
4792,0.0216
6259,0.1525
9078,0.4732
20749,0.0232
13797,0.3973
9660,0.8655
1825,0.7008
19020,0.1634
18606,0.0078
16393,0.0667
14103,0.6382
13931,0.0699
12390,0.2312
10256,0.7562
3698,0.0118
17668,0.8701
4975,0.01
15291,0.009
16284,0.0044
4314,0.0026
493,0.1397
11180,0.0613
14865,0.0276
12457,0.0056
8983,0.003
4376,0.8096
369,0.031
2478,0.0894
10083,0.0155
9337,0.1349
15461,0.0504
1915,0.0234
14814,0.1811
8527,0.9055
1716,0.0775
11490,0.0061
14333,0.1879
4343,0.0108
6696,0.0042
3112,0.308
12202,0.0624
6709,0.9586
3609,0.099
7750,0.0773
18897,0.0122
8698,0.0392
3000,0.1005
11030,0.0058
11159,0.5732
19116,0.4537
17491,0.0054
10102,0.9552
7774,0.0021
17274,0.0033
11124,0.0315
15387,0.0418
13754,0.0629
18366,0.929
18215,0.7216
11037,0.3844
14125,0.1776
11581,0.0724
18098,0.0768
20844,0.4913
7014,0.0041
13882,0.0713
20817,0.0321
19740,0.0023
8303,0.0018
16546,0.9126
14645,0.1484
14904,0.1608
69,0.0176
19815,0.965
3025,0.0148
5259,0.9036
6359,0.012
9037,0.3074
535,0.2063
5584,0.341
17089,0.0848
3973,0.0072
9146,0.0405
7824,0.0018
5813,0.007
5066,0.9219
10433,0.0478
16974,0.1763
17565,0.0284
10230,0.2877
20261,0.0021
310,0.842
18924,0.3967
18564,0.2309
2394,0.0295
10398,0.0078
4087,0.0061
3052,0.0217
5433,0.0115
14968,0.4775
16021,0.0448
13908,0.2128
2723,0.03
1162,0.0336
398,0.0146
8985,0.8995
8177,0.0012
20217,0.0122
4149,0.8006
11044,0.0117
13731,0.0527
17812,0.0045
20253,0.0037
4519,0.0093
11623,0.009
10241,0.0108
3244,0.1766
19606,0.9228
4579,0.0154
20414,0.4197
12026,0.1981
1599,0.1206
4269,0.1208
9428,0.0735
2500,0.0187
10748,0.0031
11859,0.0878
8981,0.8768
3408,0.5662
11577,0.324
8989,0.8454
9799,0.0084
6218,0.8965
9499,0.2125
3418,0.0035
20506,0.0175
10475,0.0471
6861,0.3077
7521,0.0408
3991,0.0264
5559,0.5242
12603,0.0041
9450,0.8738
17898,0.166
12428,0.0002
5918,0.0111
1983,0.016
12074,0.0203
18772,0.0177
7737,0.293
8540,0.8587
1598,0.0084
8457,0.03
18394,0.0393
14742,0.0592
9226,0.0689
16992,0.8907
17826,0.7626
16509,0.8649
17276,0.1129
18289,0.4611
855,0.0091
10940,0.6678
17601,0.0705
15192,0.0235
9220,0.038
20325,0.7874
8201,0.007
386,0.0011
4722,0.9318
3149,0.0167
13344,0.1417
13277,0.0373
504,0.0018
1839,0.1389
2650,0.8965
2059,0.0201
16111,0.9579
5669,0.9655
16182,0.0016
12504,0.8447
3636,0.0148
2507,0.0037
2195,0.7456
11973,0.9139
16151,0.0724
16719,0.0043
20503,0.0279
6131,0.1582
12032,0.0093
5207,0.0134
10752,0.001
5302,0.0551
20444,0.6605
6109,0.0127
614,0.0296
6347,0.0059
19386,0.0068
20023,0.1008
11924,0.5277
16797,0.0068
6202,0.8998
15989,0.2588
2184,0.8176
2767,0.0216
9334,0.031
366,0.1828
11539,0.0532
9398,0.9143
9465,0.826
3051,0.0194
8590,0.8269
2260,0.5139
400,0.0067
2821,0.0062
13317,0.0101
700,0.0191
13543,0.733
17438,0.0183
6775,0.0563
17375,0.0309
3350,0.0133
8700,0.023
7519,0.0496
17473,0.0193
12587,0.283
8895,0.6167
194,0.0917
20675,0.0745
8077,0.0074
11926,0.051
8338,0.1373
5485,0.1723
14926,0.0563
1631,0.0042
13125,0.002
8487,0.1646
3325,0.0208
14253,0.0009
15625,0.0426
17056,0.0317
4009,0.1019
4513,0.072
3393,0.1602
5712,0.8618
19807,0.0812
12996,0.0122
20234,0.0212
4357,0.044
5076,0.0426
6496,0.3102
19516,0.0043
3455,0.0261
2444,0.3514
16314,0.6317
12039,0.0011
94,0.9234
736,0.0884
9265,0.915
9339,0.1211
3167,0.0033
17013,0.0286
17294,0.0107
3904,0.0177
16780,0.7725
2256,0.0029
20824,0.8666
9458,0.205
11616,0.8353
6038,0.8619
5100,0.312
17555,0.0178
1569,0.2046
10076,0.006
5052,0.9147
19446,0.0177
9548,0.0116
19433,0.8105
9375,0.0346
12198,0.8963
19798,0.0722
7908,0.2736
10736,0.0018
19307,0.1047
2866,0.0486
2536,0.0895
8120,0.0766
197,0.7977
15626,0.05
11491,0.8319
350,0.0035
3896,0.0191
722,0.0027
14929,0.2155
5490,0.0517
20834,0.3115
16256,0.0531
14091,0.0359
18985,0.0582
17417,0.0005
4512,0.0007
9097,0.9358
2138,0.365
16194,0.0465
9509,0.3974
16539,0.8966
3891,0.0039
14315,0.0787
10859,0.003
9054,0.0786
1399,0.7749
2027,0.0012
8742,0.0037
4711,0.0516
9092,0.8758
19098,0.0051
4438,0.0109
728,0.0248
20042,0.0184
14490,0.0687
7698,0.0753
16114,0.9501
8529,0.4975
1853,0.001
10208,0.7346
18490,0.2947
15043,0.0194
89,0.4283
20030,0.7462
926,0.5875
12421,0.0114
2332,0.2163
3535,0.325
3549,0.5206
14702,0.0096
10805,0.2583
4192,0.0028
2846,0.4944
17132,0.0004
12346,0.2872
15860,0.004
19325,0.3136
18961,0.8265
19969,0.0062
6410,0.3353
4092,0.0428
5645,0.0023
6618,0.6513
14551,0.0077
3626,0.4137
6934,0.0199
4463,0.0752
15871,0.0558
7934,0.0023
16088,0.1911
3382,0.0187
20200,0.0385
8453,0.0154
20110,0.0277
18457,0.0389
11232,0.0021
2055,0.8893
14763,0.0066
18656,0.2909
20371,0.1297
3307,0.1351
17986,0.0849
18552,0.2744
18464,0.0177
16868,0.876
3359,0.0155
13994,0.0223
1151,0.5228
13332,0.0005
2740,0.0017
17532,0.7438
17085,0.0004
1920,0.7111
15815,0.0396
7763,0.0321
10455,0.0006
20718,0.5467
20642,0.0519
17225,0.5145
11156,0.0346
13556,0.0309
7192,0.0405
4022,0.0149
16042,0.1438
14241,0.0891
1794,0.0098
12497,0.0141
4915,0.2007
16175,0.8267
16606,0.0318
5832,0.0393
10773,0.0116
7145,0.939
19527,0.0045
17908,0.3006
9085,0.0942
15000,0.0721
20827,0.0142
2928,0.8501
17741,0.0032
11772,0.0166
15285,0.0205
438,0.0012
16805,0.0095
17988,0.4486
12845,0.0751
5989,0.0517
16856,0.66
3081,0.0036
12389,0.2312
8141,0.0369
4734,0.2307
15599,0.125
14730,0.0158
5773,0.0483
2959,0.0291
10217,0.0906
16786,0.2528
2516,0.9107
3684,0.0352
17625,0.0304
18842,0.761
9610,0.9359
14082,0.015
10417,0.0298
4080,0.0091
12043,0.2492
20628,0.0588
8813,0.0048
3291,0.8175
13034,0.0265
11963,0.1348
14500,0.9404
15126,0.0005
4253,0.0047
3784,0.9295
5591,0.9533
11830,0.6096
12884,0.0093
5112,0.8769
6432,0.0534
20004,0.0389
11914,0.0017
20337,0.0028
3148,0.1847
7117,0.0023
9136,0.0162
4225,0.8173
5074,0.0634
12706,0.4747
16844,0.2125
6269,0.0531
16390,0.4538
2171,0.0123
17053,0.9108
15788,0.0966
14791,0.0655
20529,0.0265
900,0.0137
13509,0.0065
4390,0.1933
1548,0.0975
14697,0.0209
18199,0.0985
18652,0.7057
2614,0.1832
4862,0.1345
1229,0.0227
19254,0.0284
17958,0.0352
4564,0.9387
20874,0.0115
7793,0.0039
19013,0.0449
5118,0.0583
3851,0.0241
6736,0.0687
199,0.006
2569,0.0123
15805,0.0658
7691,0.2385
3010,0.0417
3496,0.0027
11684,0.5996
16477,0.0185
1044,0.0132
8771,0.4841
6659,0.7727
19003,0.0071
1692,0.009
349,0.051
6191,0.0528
13669,0.5828
7235,0.9616
13143,0.0476
10993,0.0108
3236,0.0003
277,0.0156
4145,0.0375
14860,0.0106
8839,0.0585
4307,0.0027
4708,0.0759
4805,0.0546
17399,0.0188
11050,0.0037
968,0.0734
7872,0.0042
5684,0.3853
20091,0.1433
57,0.0356
8384,0.4396
4484,0.0014
522,0.9627
14234,0.0028
7546,0.0277
10053,0.0336
3960,0.8085
8772,0.4841
8688,0.0179
988,0.8925
20638,0.0052
2223,0.0963
6210,0.8065
17482,0.0234
9780,0.429
17030,0.0641
6352,0.0033
8020,0.3534
16947,0.112
20000,0.1952
1541,0.3724
2011,0.0572
4359,0.0066
14774,0.0608
16537,0.0099
16518,0.0065
18950,0.0503
5339,0.0227
19723,0.257
6412,0.0158
4345,0.0245
8633,0.0009
8388,0.0181
1038,0.0486
2717,0.0241
2453,0.0618
17299,0.0076
14316,0.043
14353,0.4909
20332,0.0186
16254,0.4084
19580,0.032
12605,0.1704
17208,0.834
6354,0.004
17987,0.0005
3777,0.169
5615,0.4235
6030,0.7645
3114,0.9428
13312,0.0061
11622,0.0034
9309,0.0039
13454,0.2132
19047,0.0045
2981,0.43
12643,0.0072
18498,0.0089
10111,0.2237
885,0.0103
95,0.9234
18856,0.7774
3890,0.0045
2873,0.1824
14908,0.0345
17723,0.0175
8955,0.0031
290,0.9487
12866,0.002
19362,0.5903
19532,0.009
9463,0.0717
2088,0.1343
6967,0.0159
17808,0.2561
9766,0.0471
11361,0.0026
4001,0.0413
13572,0.0177
15443,0.0387
18395,0.2898
5601,0.1101
12614,0.7947
5694,0.0067
10696,0.0115
14782,0.067
16603,0.2316
18269,0.0115
20596,0.0015
20751,0.2212
6848,0.0024
6379,0.0032
9282,0.1288
18449,0.0724
9771,0.0055
8186,0.0023
12302,0.0229
9204,0.8992
253,0.8967
8662,0.0213
1092,0.0155
3033,0.2565
2494,0.006
17421,0.0545
5171,0.02
11210,0.0119
1933,0.0784
12068,0.0386
20422,0.1658
16671,0.0076
15187,0.9508
14097,0.0453
19910,0.4375
3239,0.0047
1423,0.182
7165,0.0308
3598,0.8609
3078,0.0008
161,0.0092
10292,0.8095
414,0.7653
9141,0.0188
502,0.0009
5661,0.0698
6447,0.003
14322,0.0116
4193,0.0113
9179,0.9214
14548,0.0197
6543,0.0005
18778,0.012
19286,0.2707
8405,0.0363
13404,0.017
4635,0.0101
4788,0.0032
12290,0.6012
1553,0.4548
5315,0.0038
10033,0.057
616,0.8507
20013,0.0916
1947,0.1381
17840,0.0568
17604,0.4533
10605,0.3767
13597,0.0004
19117,0.2684
12160,0.0011
4836,0.8982
10154,0.5087
17076,0.0692
10672,0.1316
16841,0.0276
7968,0.2555
3468,0.001
8021,0.9424
11281,0.0024
15214,0.0508
15489,0.042
5917,0.0037
12345,0.0006
19407,0.0083
9745,0.3459
19415,0.0078
618,0.8507
2667,0.0103
7631,0.0041
4516,0.0078
6467,0.0148
19618,0.1752
4937,0.3234
2072,0.0145
7835,0.8919
15157,0.0476
12675,0.0031
19441,0.0763
16716,0.9263
19559,0.0224
8368,0.0447
2115,0.9368
14057,0.0924
17137,0.897
6190,0.0169
8339,0.1409
2035,0.0159
13971,0.0941
3091,0.0005
4701,0.0013
8353,0.4442
3892,0.4204
15754,0.0085
15905,0.0266
14361,0.0124
11149,0.0127
8003,0.0817
19156,0.061
10175,0.005
2235,0.0287
9587,0.0019
8600,0.0473
5812,0.0013
20492,0.1393
1099,0.2447
9408,0.018
5828,0.3993
8109,0.0004
5314,0.0259
4710,0.0847
5255,0.0244
8348,0.1329
1130,0.0694
15874,0.7248
5699,0.1393
8347,0.0159
868,0.0038
18794,0.0928
2947,0.0283
10192,0.5772
1050,0.0035
11747,0.0857
4478,0.001
1652,0.6013
13655,0.0154
3413,0.0327
14991,0.9398
17506,0.1466
10038,0.1623
1666,0.0084
17655,0.8593
12649,0.0359
9211,0.0095
7233,0.0685
4652,0.2788
4090,0.1036
13481,0.0015
8803,0.4142
18679,0.149
18625,0.4992
2529,0.0229
13559,0.0093
5734,0.1982
19414,0.3575
17201,0.9698
9894,0.016
15089,0.0903
8084,0.0009
20194,0.0796
13160,0.0123
1148,0.4107
7520,0.0184
7114,0.0038
12366,0.9429
6192,0.0772
12828,1e-04
10430,0.0179
15417,0.0929
651,0.0324
4156,0.9183
7428,0.7397
6715,0.01
13339,0.0017
3174,0.0196
9208,0.567
8518,0.0222
10270,0.0168
3641,0.101
6,0.0034
14090,0.0018
15219,0.0236
9212,0.817
4020,0.0033
3620,0.0034
10315,0.0041
2363,0.0053
20146,0.0063
15372,0.0644
5683,0.3853
17250,0.9412
781,0.9166
11255,0.1959
1250,0.0041
3962,0.8085
15737,0.9023
12803,0.0022
20740,0.2006
10833,0.0051
12116,0.0811
18603,0.0121
2971,0.029
11415,0.9091
4011,0.0663
16706,0.0037
1288,0.0143
16033,0.3406
18157,0.0005
942,0.8516
646,0.0014
11275,0.309
8976,0.0227
5077,0.0024
7263,0.9843
9387,0.0493
6829,0.0172
5330,0.0017
5041,0.0616
19282,0.0708
19805,0.2015
8651,0.0002
4980,0.8998
8721,0.0124
18102,0.0008
9834,0.2453
14180,0.0005
2140,0.0155
17422,0.0545
15130,0.8604
11833,0.0202
19883,0.5881
13438,0.1216
12183,0.1058
18238,0.3257
7714,0.0019
1469,0.0011
8171,0.0485
11350,0.0143
2886,0.0357
10125,0.6223
3760,0.005
5759,0.806
16816,0.2154
8842,0.9029
10472,0.2013
9144,0.5206
8071,0.7747
11359,0.9604
13165,0.0522
7491,0.0408
12977,0.005
12727,0.138
14457,0.0072
4719,0.6886
11721,0.8007
13926,0.0839
12033,0.0093
17367,0.1054
19650,0.822
12974,0.0151
2049,0.0277
7518,0.0039
12233,0.1574
16570,0.0161
9988,0.0059
7654,0.0165
171,0.0974
6254,0.0758
12908,0.1007
13503,0.8355
9685,0.7784
4724,0.0269
4505,0.003
16814,0.0246
3872,0.0092
19635,0.0876
3671,0.1
4784,0.012
15466,0.0191
13986,0.0009
3264,0.0149
8620,0.8749
12319,0.0256
19183,0.1753
20876,0.0049
10810,0.0186
7840,0.8725
4326,0.0043
18662,0.0825
10257,0.7562
16135,0.0015
7702,0.8978
20156,0.9106
9455,0.0208
2911,0.2942
17005,0.0035
8391,0.9124
13796,0.0147
737,0.1255
16740,0.5836
9270,0.0401
17369,0.0043
9518,0.026
2818,0.9472
14895,0.0082
2024,0.0789
20759,0.0015
4991,0.0057
14974,0.0665
9526,0.7896
15252,0.0407
13473,0.0179
15472,0.118
15893,0.9022
10129,0.3459
3580,0.0021
10044,0.4226
7103,0.869
12084,0.0568
9489,0.104
12526,0.8341
19553,0.0003
1411,0.0268
9578,0.0026
11087,0.0603
10978,0.6496
13764,0.0481
13938,0.028
16250,0.0135
5883,0.0966
13281,0.0636
2545,0.1093
6495,0.4881
17239,0.7156
627,0.9528
561,0.0087
8262,0.3752
18926,0.9107
9158,0.1127
5521,0.1952
3996,0.0074
1060,0.0026
18173,0.0851
1972,0.0089
8006,0.0071
1725,0.1175
11381,0.0024
19629,0.0224
12182,0.1058
10858,0.2263
12191,0.4091
6904,0.0009
6863,0.8754
637,0.0043
7006,0.0136
13294,0.7889
4945,0.6341
3454,0.0036
10676,0.805
19897,0.2294
15274,0.0281
12622,0.0132
16917,0.0147
19447,0.7707
16612,0.0215
17547,0.015
2709,0.1167
13056,0.0684
19651,0.822
1979,0.165
15641,0.9668
14875,0.0265
14542,0.0137
6735,0.0636
10960,0.0101
4751,0.0201
7226,0.0029
14428,0.4389
4949,0.0211
16651,0.0099
16103,0.0086
11297,0.021
481,0.898
8028,0.0391
6441,0.0442
17344,0.6264
14121,0.0087
12408,0.0704
19443,0.0331
4940,0.1071
1793,0.0891
580,0.7245
2092,0.0064
8242,0.0538
17817,0.0018
12728,0.774
15305,0.3097
5234,0.0415
5846,0.9002
10454,0.0822
1383,0.046
6954,0.0713
12210,0.6805
12262,0.0026
17046,0.0066
5409,0.0321
19265,0.005
10703,0.0033
6121,0.0076
13774,0.8265
13804,0.926
13169,0.0384
319,0.0824
1567,0.0119
19409,0.1157
96,0.2489
6195,0.9142
13918,0.0148
12081,0.9387
10779,0.8159
9462,0.2972
15970,0.0311
16278,0.0204
14578,0.1093
3467,0.0317
7517,0.4737
18718,0.0049
1556,0.0058
15660,0.2302
2654,0.2025
20415,0.4197
13876,0.0351
10359,0.0025
7964,0.0095
4432,0.498
4517,0.0095
1574,0.0158
8369,0.0186
1784,0.008
20703,0.0091
13228,0.0035
13285,0.0144
15545,0.0417
1447,0.0015
1679,0.1978
19258,0.2411
15165,0.0567
9508,0.3974
12656,0.0016
4431,0.0308
4036,0.0083
6240,0.8727
8846,0.1193
4174,0.2579
8770,0.4841
1756,0.0171
8503,0.8084
18375,0.4912
15405,0.2173
2962,0.0831
527,0.9034
9069,0.0121
8355,0.195
5344,0.2139
17396,0.0397
4488,0.0061
8802,0.269
3745,0.0053
7997,0.0395
19204,0.0215
3859,0.239
5852,0.2249
1402,0.0662
7537,0.0204
10004,0.8794
12244,0.42
5976,0.0534
8448,0.0159
1047,0.0078
12063,0.8983
12913,0.7245
10680,0.4761
15998,0.0258
14523,0.0256
9073,0.4352
15201,0.6096
7149,0.0019
6358,0.0105
15742,0.4506
6944,0.0125
17228,0.0109
3856,0.0099
7113,0.0273
8372,0.2862
8258,0.8884
3791,0.0008
20785,0.0523
11567,0.6882
15060,0.4168
17310,0.1079
1659,0.0152
401,0.3832
10655,0.4001
3289,0.009
5319,0.7952
14662,0.1309
12766,0.0564
1135,0.0104
9644,0.0526
14720,0.0385
1485,0.0557
17141,0.0093
13996,0.0507
5819,0.1073
4404,0.0171
17016,0.1614
20192,0.0627
8788,0.1294
9983,0.0021
869,0.0649
2582,0.087
15761,0.001
7086,0.82
15088,0.0701
849,0.0012
16426,0.8599
10308,0.1135
5036,0.023
12303,0.105
14086,0.1227
5622,0.0142
11694,0.2945
6370,0.298
6647,0.7447
8047,0.0584
8214,0.0126
16513,0.8586
16363,0.7837
15531,0.3034
2603,0.0032
11058,0.013
3692,0.0063
8237,0.0253
8883,0.0833
5783,0.0302
5069,0.1152
7900,0.0209
16695,0.0035
3344,0.0144
2554,0.0163
14540,0.008
9786,0.0448
4286,0.0265
1741,0.7349
17322,0.0499
9496,0.0041
778,0.0413
7883,0.0539
11123,0.2699
14267,0.1801
8324,0.014
8114,0.2088
9726,0.0217
2433,0.7962
19717,0.2264
4967,0.0139
10180,0.8737
18111,0.9147
15962,0.0614
10000,0.1899
7289,0.0348
7257,0.489
2080,0.0099
12433,0.0089
4373,0.0799
15923,0.8419
14772,0.0143
16043,0.0014
20224,0.0173
14276,0.0559
11652,0.9474
12002,0.1031
17285,0.49
10800,0.0126
14639,0.9306
8562,0.3517
5991,0.8039
17847,0.7897
9959,0.3377
9621,0.0527
11252,0.0027
4356,0.0926
5170,0.2332
20365,0.0577
18604,0.1032
13361,0.0365
12463,0.0003
74,0.1917
6492,0.0715
8376,0.002
5529,0.048
19530,0.009
18507,0.0009
3246,0.0513
3647,0.03
7877,0.0031
13355,0.0079
10158,0.018
16064,0.0633
19423,0.0009
5184,0.7613
4246,0.0025
2479,0.0564
4921,0.8889
12441,0.2809
13917,0.0159
19102,0.3034
716,0.0184
6053,0.7677
12571,0.6945
16551,0.2508
20803,0.0136
115,0.0771
8835,0.0339
5715,0.0103
433,0.0128
20111,0.0244
11535,0.0012
3071,0.0153
8960,0.0262
1857,0.9364
6237,0.0016
4063,0.6715
12702,0.9304
16442,0.0018
3145,0.0801
5659,0.0113
19752,0.0272
7596,0.3667
20541,0.034
20368,0.0644
2310,0.0068
8655,0.1532
8042,0.685
8753,0.9085
5787,0.0728
18565,0.3065
13641,0.0429
1806,0.1694
7602,0.0316
3221,0.6403
6510,0.0469
19322,0.0118
7200,0.0058
18938,0.0635
19445,0.7184
16918,0.1041
4677,0.0023
20369,0.0189
11129,0.9593
5201,0.0748
11690,0.0046
17851,0.9076
17822,0.0209
16224,0.8947
5687,0.0202
15934,0.1198
9510,0.3974
12568,0.7305
4414,1e-04
18592,0.8516
3165,0.9048
1587,0.0008
12142,0.6009
175,0.1138
5434,0.579
3387,0.8577
11203,0.1189
8354,0.4442
6911,0.1113
18536,0.9005
7938,0.7858
16181,0.027
14295,0.1919
14185,0.0005
9370,0.0007
18721,0.4879
10948,0.0107
11932,0.0052
6683,0.0284
7951,0.8186
5637,0.0561
10174,0.0366
16533,0.0008
19403,0.692
1891,0.7206
11749,0.1534
10199,0.0744
10296,0.0877
3734,0.4485
11175,0.0921
19194,0.0525
15775,0.088
18292,0.13
14670,0.0064
14236,0.0615
6592,0.1366
15392,0.0226
6688,0.0335
4173,0.1268
16001,0.0017
12992,0.0198
19097,0.1692
18311,0.0607
12455,0.9529
775,0.0074
16963,0.3218
11177,0.2427
17342,0.2367
799,0.9021
4388,0.0034
8286,0.0023
7589,0.0102
16366,0.4596
2192,0.0052
15360,0.872
5049,0.2934
7892,0.0004
10314,0.8204
9917,0.0347
3203,0.0071
9394,0.6969
10874,0.8457
2657,0.9264
15108,0.0094
11985,0.0629
1672,0.012
10732,0.091
13166,0.0087
2057,0.8893
1627,0.0721
13929,0.0282
9769,0.0437
18052,0.0066
7440,0.1622
17161,0.0012
1761,0.064
13323,0.0012
10754,0.0275
17513,0.0203
5865,0.0838
17109,0.8175
4856,0.0112
2753,0.0516
7789,0.0043
2749,0.0324
20495,0.3864
17705,0.0547
18095,0.1215
14043,0.0235
20547,0.0027
20855,0.9319
18187,0.2345
8343,0.7858
12250,0.3014
1251,0.0146
8075,0.3767
1636,0.8196
5729,0.469
2096,0.3469
19688,0.0029
18764,0.5022
10798,0.111
18219,0.5226
11847,0.9708
5009,0.0511
2577,0.0248
12888,0.875
19085,0.0009
19675,0.1293
6867,0.0751
11385,0.0605
17955,0.0097
20216,0.0535
9537,0.0162
12944,0.0365
11774,0.3354
10410,0.0244
20761,0.4482
6090,0.0395
19052,0.0321
9704,1e-04
1017,0.0112
2337,0.0065
15512,0.0154
1273,0.2085
11715,0.084
13358,0.0099
17647,0.0337
11919,0.0139
18243,0.2512
14148,0.0008
3302,0.1203
7044,0.0013
12960,0.0255
10070,0.0361
12418,0.0092
12721,0.0028
17620,0.8056
11429,0.0339
12762,0.8431
13057,0.0715
1189,0.1492
14701,0.0361
20514,0.686
1508,0.003
2994,0.2442
17065,0.0211
18998,0.0295
14618,0.0134
5299,0.9336
3105,0.4513
8018,0.0081
13403,0.0543
4774,0.1271
17385,0.8856
20565,0.9517
17287,0.0429
20440,0.1501
11576,0.0443
5768,0.6208
3538,0.9085
9422,0.8086
13682,0.0233
14843,0.4124
668,0.0008
18484,0.0338
14862,0.0231
12663,0.0233
12716,0.0269
15282,0.8614
7101,0.869
7544,0.0542
12967,0.9151
20001,0.0139
4053,0.0063
9371,0.228
893,0.5237
15239,0.2736
220,0.0006
15722,0.0085
19284,0.0082
15876,0.0875
18560,0.8845
91,0.0078
11991,0.3431
18967,0.0421
16538,0.0413
18847,0.0032
18774,0.0177
12350,0.7803
8606,0.0614
6337,0.0058
9286,0.0002
9213,0.817
3867,0.0428
8705,0.004
16862,0.0132
7528,0.0024
16586,0.082
17356,0.0011
6610,0.1238
798,0.9021
20787,0.0153
15097,0.1273
15865,0.2147
7794,0.2866
1592,0.0099
1905,1e-04
13815,0.0015
1714,0.0162
450,0.0346
5276,0.9316
9541,0.0964
12882,0.0187
14480,0.9239
14429,0.3771
2951,0.0054
6033,0.079
11296,0.0032
13763,0.1131
4186,0.2912
19668,0.0309
3153,0.013
15924,0.8419
6376,0.3573
11744,0.0989
2690,0.0045
20103,0.0064
530,0.4269
9634,0.9367
3056,0.3981
5221,0.9003
12957,0.0506
15452,0.0018
13186,0.0043
4617,0.0151
13715,0.35
14653,0.0238
3226,0.0296
4446,0.0094
4928,0.029
9049,0.0023
8073,0.0548
15109,0.0567
200,0.079
11801,0.0131
6331,0.1323
9573,0.1216
12289,0.0148
16052,0.1385
8939,0.0841
20204,0.005
10051,0.8429
3581,0.0054
1310,0.0318
684,0.0006
11637,0.8437
19,0.4227
14145,0.0103
3717,0.0896
18936,0.0168
6219,0.8965
17753,0.0063
1219,0.0115
5242,0.0081
497,0.0118
20112,0.0977
12447,0.0239
683,0.0611
123,0.0007
13551,0.8572
15614,0.9682
3905,0.0095
8808,0.3028
14427,0.0042
12255,0.8338
9395,0.0494
6585,0.01
19509,0.4021
1126,0.1194
9382,0.0464
11702,0.013
178,0.0394
8797,0.3718
5705,0.8016
2718,0.0922
11676,0.1835
2905,0.0084
15579,0.0057
15866,0.2147
18285,0.7817
15094,0.0212
11475,0.0906
7786,0.0884
11562,0.171
10020,0.0058
14271,0.4191
14808,0.5654
13152,0.0025
4407,0.3364
20088,0.953
18789,0.5431
9110,0.8379
12111,0.3063
15054,0.0534
18986,0.2106
18399,0.151
19219,0.0077
15073,0.0038
6263,0.5196
14577,0.1093
19989,0.1132
11425,0.9355
16948,0.1062
12351,0.0013
6110,0.0181
8053,0.8786
6071,0.0273
6745,0.002
6654,0.9026
14513,0.0229
6316,0.3031
1259,0.0061
1549,0.8146
13817,0.3266
7329,0.0466
3372,0.0502
4182,0.0411
5528,0.0202
12515,0.0586
2611,0.0036
1110,0.8588
10937,0.2048
16778,0.7135
6634,0.719
3897,0.1259
12564,0.9367
791,0.3754
8380,0.0144
7341,0.6125
10312,0.8204
3853,0.0926
15146,0.1007
13205,0.0005
17941,0.4457
3588,0.0061
20185,0.0365
16678,0.0434
6891,0.09
17903,0.5004
11823,0.0061
17122,0.0489
9672,0.1146
13198,0.016
16408,0.9096
8049,0.003
5951,0.0273
10561,0.6932
9758,0.1129
4752,0.062
3453,0.0062
6056,0.1041
3965,0.0069
2307,0.0109
13740,0.0037
1546,0.0048
13441,0.0014
20883,0.5907
20599,0.09
20222,0.0051
13841,0.0008
13825,0.0059
19475,0.0059
8370,0.0221
17939,0.0683
3016,0.832
4385,0.8497
19249,0.0343
5821,0.0223
19617,0.1752
11437,0.1302
18885,0.7922
3714,0.022
20464,0.9521
19901,0.0968
14544,0.0029
12265,0.006
1150,0.0049
19970,0.003
18170,0.5877
12926,0.1097
1192,0.0176
18198,0.0487
14882,0.0376
8450,0.9431
13141,0.1895
19444,0.0495
9965,0.9003
8202,0.032
8005,0.3204
19167,0.0329
15450,0.2045
6504,0.4286
19894,0.1192
18097,0.6238
7915,0.1
11713,0.0025
4839,0.0353
19320,0.0633
17550,0.9477
18452,0.9188
10132,0.0173
6877,0.9298
19181,0.1753
10342,0.0227
10325,0.0025
20142,0.1432
15537,0.7281
11448,0.0078
9628,0.9813
18063,0.0056
4739,0.0282
1635,0.8196
3151,0.7498
15412,0.0033
14952,0.1792
16301,0.0318
14970,0.7428
11685,0.5996
20745,0.0775
379,0.6595
3115,0.9428
13538,0.0838
9903,0.9071
6895,0.0129
15163,0.064
4239,0.019
18101,0.0747
14755,0.0445
9699,0.2542
10626,0.0164
4028,0.0066
3433,0.002
8124,0.8011
18819,0.0229
20561,0.1432
4817,0.0024
2982,0.0075
597,0.0214
8663,0.5213
18837,0.7312
8582,0.0047
14954,0.0258
18509,0.0196
8901,0.0029
17220,0.2342
3058,0.14
9872,0.0007
14192,0.0103
10863,0.0014
7392,0.4863
231,0.6992
12267,0.0284
2802,0.0331
18139,0.0401
6939,0.0288
772,0.0191
3918,0.8205
14778,0.014
11387,0.0203
7671,0.0529
20881,0.5907
15763,0.0241
4610,0.1126
9120,0.2165
5803,0.2468
19250,0.1239
801,0.0216
8089,0.0567
20347,0.0403
19419,0.002
11739,0.0057
12083,0.0011
1918,0.0022
6622,0.0479
18932,0.0023
11972,0.9355
16400,0.1522
5451,0.4539
18374,0.9025
8703,0.7354
1606,0.9357
8966,0.0075
19057,0.0013
15258,0.1099
12569,0.0078
16966,0.0438
16220,0.0078
13367,0.0012
12946,0.0075
10019,0.0757
19761,0.0337
2680,0.9235
2839,0.9065
126,0.0281
19662,0.8366
9827,0.4108
8013,0.0129
14441,0.8196
15969,0.9377
6587,0.9197
8282,0.0011
4341,0.0018
14575,0.0353
1220,0.0391
13898,0.0219
17520,0.8733
18797,0.0311
8145,0.3364
10722,0.0058
6002,0.0384
5455,0.142
13170,0.0005
17891,0.9323
17580,0.2769
105,0.083
10416,0.5507
7924,0.0052
7660,0.0483
16198,0.0111
20633,0.2506
7567,0.0675
7992,0.0017
12522,0.0806
16279,0.0368
7831,0.1615
15621,0.4062
15858,0.0244
10682,0.8743
3688,0.0389
5460,0.2457
8385,0.0787
19417,0.3607
12725,0.1821
18076,0.0442
13588,0.0471
5801,0.2468
5538,0.8412
11263,0.8271
19453,0.0151
13934,0.015
11311,0.8389
15715,0.0281
3685,0.0023
16322,0.3232
281,0.0121
8745,0.7656
16048,0.0047
845,0.0388
1266,0.4769
18222,0.1636
11128,0.0012
3099,0.0239
7775,0.0008
11084,0.9442
10527,0.3227
15391,0.0226
16311,0.4678
681,0.0309
14173,0.1531
17834,0.0023
9812,0.0671
4285,0.0062
11499,0.0364
806,0.0092
20352,0.7153
5569,0.196
9388,0.0493
14886,0.0572
11026,0.0388
16336,0.9557
16911,0.0239
18402,0.5138
15384,0.0005
2772,0.0123
15248,0.1595
5539,0.8412
4012,0.0471
19713,0.0111
18156,0.0136
10688,0.0907
12383,0.8032
8419,0.9603
15221,0.8569
12919,0.0426
4625,0.4563
9790,0.0413
17329,0.0186
5915,0.0459
20418,0.2248
2416,0.0512
19698,0.003
7100,0.0455
5761,0.806
8787,0.6821
19554,0.0443
16597,0.1286
10183,0.0629
16035,0.0791
13190,0.0137
13008,0.1053
12281,0.016
2033,0.7349
18282,0.4616
11867,0.0097
14667,0.9357
15454,0.425
3922,0.0087
1107,0.2621
10749,0.0192
7163,0.0299
12018,0.8632
12386,0.0914
9876,0.0031
6122,0.012
13106,0.7152
7542,0.1782
16158,0.0595
19831,0.0526
620,0.0058
17218,0.2342
2762,0.7702
18595,0.5569
1807,0.0971
12144,0.0064
8636,0.892
14129,0.01
9378,0.0012
18744,0.2735
18786,0.1535
16340,0.9377
6120,0.024
6383,0.0008
7373,0.0061
18186,0.0045
15311,0.0365
569,0.9555
14104,0.8508
4201,0.2834
2919,0.0361
15377,0.7143
12609,0.1954
9719,0.4441
2030,0.0044
19465,0.0109
19768,0.003
15607,0.0426
11651,0.0019
15664,0.7917
16456,0.0344
5685,0.3853
7449,0.2886
18149,0.1322
1591,0.0163
14035,0.0224
16994,0.6786
13287,0.0136
6935,0.5719
2214,0.0015
16995,0.0017
13995,0.0507
7511,0.0501
6384,0.1656
9863,0.1832
3446,0.0038
15913,0.0765
4067,0.0345
15067,0.0146
18587,0.4474
6127,0.1433
16030,0.8154
14747,0.0466
1487,0.0045
12593,0.004
14615,0.7655
10851,0.8236
12097,0.0532
3048,0.2049
8579,0.0005
5850,0.941
3503,0.1
4372,0.2241
20887,0.9281
2695,0.0062
14420,0.0494
8398,0.1156
6324,0.0148
15806,0.1553
17889,0.8458
5629,0.0748
2634,0.1963
4392,0.0005
941,0.1561
1285,0.0064
7347,0.2667
15418,0.0757
1661,0.0209
11863,0.4234
10531,0.01
11160,0.002
2505,0.0015
1413,0.0052
14788,0.0707
870,0.003
2942,0.0087
565,0.0354
15750,0.0147
3720,0.0073
3096,0.0505
20349,0.0171
6342,0.077
19154,0.0145
6572,0.0601
5892,0.1841
1048,0.0079
2018,0.0448
19326,0.3136
11019,0.0621
11165,0.6968
19705,0.0482
20076,0.0494
15697,0.0526
10803,0.15
2857,0.0142
6092,0.2031
7352,0.0111
6858,0.0301
18788,0.5431
10936,0.2048
20468,0.9554
14181,0.1238
15929,0.0088
12336,0.0054
6450,0.2856
13216,0.8894
9580,0.1197
1003,0.0023
18245,0.0517
432,0.0071
2282,0.0135
17452,0.8614
7376,0.0057
11665,0.1493
19692,0.9524
5107,0.9128
10085,0.0704
3182,0.0236
2089,0.8412
2108,0.0318
17099,0.0096
6270,0.8063
10320,0.1686
6596,0.0082
12539,0.0032
8602,0.0066
18963,0.8265
4412,0.0666
1936,0.0559
18614,0.0297
2386,0.0456
6885,0.0585
15683,0.0266
5117,0.0391
10399,0.2181
10925,0.9265
1258,0.2015
3122,0.1264
6078,0.8792
15731,0.045
1306,0.2205
15762,0.0863
10380,0.0411
15850,0.0296
4492,0.8049
7170,0.0376
2647,0.0781
10347,0.0043
9352,0.0124
13693,0.8703
4913,0.6733
1353,0.0771
11832,0.004
18512,0.0433
10768,0.0993
18609,0.2959
15453,0.2928
20768,0.755
7713,0.0348
6719,0.4184
11391,0.6718
3267,0.8753
19402,0.0058
18306,0.264
15543,0.0517
7850,0.7604
2741,0.0622
12744,0.0873
130,0.7579
6559,0.9113
8723,0.4562
14,0.0023
19163,0.3259
1346,0.0452
18061,0.7482
14340,0.3854
20622,0.9457
1429,0.0032
15185,0.001
14067,0.0425
12860,0.0177
14270,0.0359
9100,0.0385
11710,0.0333
8909,0.0733
15019,0.3015
16848,0.0036
2400,0.0488
6374,0.0785
3519,0.8836
14766,0.0036
3375,0.0082
19245,0.0011
9729,0.2774
18482,0.004
1897,0.0247
16745,0.158
13500,0.0118
12795,0.0023
7600,0.0098
4259,0.0103
4616,0.0051
7060,0.0303
15995,0.9571
10413,0.6088
9361,0.0097
14684,0.0041
19430,0.0171
11673,0.0575
19255,0.1404
10860,0.0111
3426,0.007
6597,0.0362
4958,0.0885
14714,0.5867
16381,0.0749
5308,0.0101
20405,0.0056
10659,0.4738
11285,0.03
1621,0.0223
6357,0.1831
16864,0.8832
7490,0.0331
16945,0.0052
7214,0.005
6246,0.9291
4732,0.0646
19162,0.013
8102,0.067
11621,0.4648
543,0.229
12301,0.0032
2943,0.0668
4637,0.5431
9439,0.0527
10935,0.2048
2194,0.7456
15982,0.0545
19019,0.1634
8894,0.0096
4993,0.0405
8791,0.1872
8845,0.6776
8095,0.1413
7404,0.1231
623,0.6325
2784,0.1918
13920,0.0847
6457,0.0525
14576,0.1093
18182,0.107
3680,0.0243
2136,0.0066
4381,0.0132
20317,0.7583
26,0.0688
2395,0.0295
9102,0.0096
20566,0.0168
3775,0.1476
11620,0.4516
14740,0.0015
6079,0.8792
9271,0.1824
2747,0.0383
1020,0.9121
2127,0.9072
18771,0.0406
7966,0.0063
20784,0.8205
1676,0.0032
15819,0.0239
16202,0.0111
17819,0.001
17713,0.8496
19646,0.17
20437,0.2085
19200,0.0152
3061,0.2563
892,0.0075
925,0.0015
19621,0.2874
19437,0.8723
17636,0.9066
4455,0.005
20810,0.0007
19065,0.1618
10232,0.0494
18421,0.2193
10750,0.1426
17673,0.9574
10167,0.0614
7177,0.7851
3567,0.172
7795,0.0022
1359,0.0071
12239,0.0087
11997,0.962
14135,0.3321
2628,0.9102
3250,0.1508
14901,0.9229
1388,0.9415
1800,0.8481
17496,0.0784
4775,0.1185
9847,0.0329
3792,0.0806
19900,0.1649
2742,0.9072
7649,0.1575
16396,0.8167
11864,0.4234
8377,0.1861
10215,0.0004
20198,0.0049
15145,0.1007
4547,0.0072
8149,0.8538
9763,0.0444
7110,0.0108
18685,0.007
1441,0.0011
8371,0.0065
12632,0.1667
4953,0.0965
6501,1e-04
16074,0.1392
18206,0.7171
9581,0.051
2170,0.0156
14812,0.5353
11742,0.0107
11776,0.0093
8158,0.0314
5510,0.0012
1963,0.0736
6755,0.2677
1965,0.8695
6972,0.2111
12309,0.0128
9487,0.0899
17559,0.9041
4134,0.0085
11314,0.2141
2923,0.0135
19088,0.7535
318,0.0819
3046,0.1298
5111,0.8769
8938,0.0229
17147,0.0133
13781,0.5037
18025,0.0038
642,0.023
4045,0.0353
136,0.5395
14556,0.0262
12553,0.7913
4185,0.2912
19519,0.0801
7767,0.5798
184,0.1116
4705,0.4885
14940,0.2233
11904,0.689
981,0.1539
10880,0.0771
5578,0.0868
8740,0.2629
1199,0.0268
17031,0.7269
15624,0.0061
7485,0.123
6380,0.143
1322,0.0113
3667,0.1632
6042,0.0074
7685,0.0092
3489,0.0292
546,0.2509
2875,0.0348
12184,0.1058
16520,0.032
8144,0.1448
9035,0.8949
15334,0.0579
19184,0.0871
15704,0.1512
4830,0.0051
9368,0.766
19772,0.282
4313,0.0069
7648,0.0119
14567,0.0978
7609,0.9472
7459,0.4393
1309,0.9028
9968,0.0247
11971,0.9355
11866,0.0097
10463,0.7603
12230,0.019
4281,0.8202
10182,0.0569
4419,0.0616
16907,0.8807
13224,0.0003
20791,0.0408
20802,0.0011
14703,0.0183
15628,0.05
19252,0.1098
11706,0.0099
14956,0.0015
15104,0.0035
9817,0.0497
3323,0.0025
15541,0.1062
9964,0.9003
17944,0.0037
15950,0.89
11640,0.7652
20153,0.0416
17745,0.092
8653,0.0014
4927,0.0163
3212,0.1153
7068,0.523
19791,0.0146
10728,0.1456
10536,0.0346
14421,0.0149
19106,0.0133
16736,0.8221
5999,0.0473
9188,0.0094
10425,0.0901
9511,0.0136
12898,0.1086
10501,0.9138
361,0.0161
1870,0.7852
5039,0.0493
14532,0.9557
8806,0.0195
12710,0.0175
6828,0.004
9900,0.2266
2467,0.1619
14836,0.4867
8936,0.8183
16045,0.0066
8872,0.3
2563,0.0208
9875,0.0006
15131,0.8604
363,0.9041
17142,0.0376
20699,0.9084
10927,0.1195
10374,0.0385
9098,0.0113
9806,0.0022
19267,0.0003
9781,0.0192
20590,0.0067
8030,0.1652
9074,0.4352
2004,0.7593
16528,0.0379
15210,0.0104
139,0.1353
2068,0.0278
17171,0.05
18665,0.0743
17129,0.899
3171,0.0132
1669,0.0047
16661,0.0664
4254,0.0218
8873,0.2853
5320,0.7952
5226,0.9479
4911,0.6733
17867,0.1049
13384,0.0146
4803,0.0107
4267,0.0267
18488,0.2947
19341,0.0905
9740,0.0956
13628,0.0265
13760,0.0633
5911,0.8872
11718,0.0198
9072,0.4352
17009,0.0018
5422,0.95
15849,0.8448
13562,0.0097
15892,0.0425
11465,0.0017
6369,0.298
1252,0.0245
10705,0.0027
14252,0.0409
9084,0.066
3214,0.0064
4113,0.6963
20670,0.6741
16316,0.0512
5324,0.0492
9770,0.0521
3401,0.2288
20187,0.8619
19304,0.9307
12394,0.1633
12796,0.0036
6762,0.0592
14473,0.0084
10572,0.8048
2472,0.0051
5955,0.2116
10318,0.0256
5805,0.0281
13998,0.0352
169,0.0611
12172,0.0006
18627,0.0077
4639,0.1751
16984,0.0004
14451,0.0019
8430,0.8518
14918,0.0448
7933,0.0384
8173,0.3899
4483,0.0084
12758,0.0234
10077,0.1562
8672,0.0196
5889,0.2026
814,0.7232
6973,0.529
18866,0.0063
17074,0.0057
18884,0.003
19279,0.0212
17881,0.6787
19348,0.1926
2630,0.1685
6707,0.9364
11675,0.1835
9715,0.011
5369,0.0107
14163,0.16
1158,0.0315
18354,0.7595
18631,0.027
15709,0.7133
5655,0.0086
18839,0.1665
14917,0.0295
10126,0.6223
10492,0.5321
6687,0.0218
3788,0.0996
20550,0.003
7862,0.0463
7942,0.2805
17697,0.022
8157,0.0073
9773,0.9761
17769,0.0236
20742,0.1804
8675,0.0007
7194,0.0499
506,0.0031
14635,0.0052
441,0.0114
8885,0.0407
11264,0.3181
10528,0.197
1696,0.4249
1981,0.1411
2226,0.864
13102,0.0317
12982,0.0957
10079,0.6153
20145,0.4162
13857,0.1032
7415,0.0195
20161,0.9037
957,0.7243
19612,0.1022
2601,0.006
10212,0.2437
2466,0.0122
8206,0.0395
20623,0.9457
19758,0.0278
16851,0.8742
291,0.0029
9206,0.567
7622,0.0164
20848,0.0348
15393,0.0226
9946,0.0128
12763,0.8431
9800,0.1599
7361,0.0023
14321,0.0116
837,0.088
9456,0.0737
6875,0.2642
5961,0.0405
7429,0.7397
14294,0.1919
13580,0.0048
19311,0.0054
5329,0.0177
10036,0.0028
7150,0.002
2631,0.0231
14832,0.002
20845,0.0121
8325,0.0048
12117,0.0568
15013,0.8068
8223,0.0121
11666,0.0035
3284,0.9104
4626,0.7999
304,0.0048
12690,0.0066
1637,0.0065
7266,0.0172
525,0.0868
17169,0.8559
6836,0.0024
12958,0.3334
5554,0.2038
7055,0.7908
13741,0.0026
6805,0.0531
17782,0.0039
8750,0.4788
3743,0.0909
4452,0.8678
10448,0.0059
15523,0.5229
4233,0.9062
3001,0.0006
12705,0.0053
18996,0.0017
14219,0.0514
2099,0.4572
5721,0.3699
19016,0.0368
6984,0.0656
10040,0.0032
15178,0.9319
20744,0.0113
12341,0.0044
19125,0.8964
8768,0.8459
19611,0.1022
18776,0.2104
5078,0.0072
7981,0.0596
8876,0.007
3213,0.2021
13566,0.3712
14559,0.7114
2910,0.0101
20614,0.0168
2492,0.9396
691,0.0233
7651,0.0032
9112,0.0163
4060,0.0014
12904,0.0089
11879,0.1592
19517,0.3205
11639,0.0242
18224,0.4925
13515,0.0004
3521,0.8836
7952,0.8186
13872,0.0028
2889,0.076
10128,0.0019
8634,0.892
15708,0.7133
182,0.7464
19584,0.3127
4029,0.3569
18862,0.1664
15640,0.9668
15297,0.9145
15720,0.7773
19834,0.0727
4309,0.1235
5806,0.2834
11704,0.4987
4900,0.0047
18430,0.0068
4956,0.4558
3984,0.0492
12208,0.077
12207,0.1824
18278,0.8896
7439,0.0684
9384,0.0281
1847,0.0077
254,0.2066
14301,0.0125
6652,0.1239
7849,0.7604
8809,0.3028
17900,0.0551
18411,0.4066
6236,0.0303
8270,0.0131
12590,0.0012
534,0.011
9982,0.1215
13391,0.0569
7852,0.1266
17175,0.1429
15156,0.0428
13401,0.0543
282,0.0051
16607,0.0318
774,0.0027
18532,0.0325
7327,0.0212
15312,0.0458
10664,0.9292
1008,0.0307
13211,0.012
15217,0.2859
17730,0.001
16782,0.0148
19972,0.0233
10103,0.3085
20905,0.0264
9404,0.0825
6866,0.0952
7133,0.0953
16229,0.0446
19949,0.9572
18931,0.0502
18350,0.7539
6505,0.0026
9248,0.0064
1301,0.0133
15245,0.6044
17388,0.061
16445,0.3031
17320,0.0134
13144,0.0114
10376,0.2875
11531,0.0027
3544,0.0679
14712,0.0046
20071,0.7047
71,0.0211
10361,0.7268
73,0.0145
4948,0.0153
16302,0.0547
19481,0.4843
16026,0.007
6770,0.8965
14850,0.0325
11023,0.0079
8211,0.0427
15059,0.0512
16312,0.0038
13140,0.2776
20074,0.0494
2893,0.759
8997,0.0032
98,0.2489
19242,0.0277
13492,0.1392
529,0.0269
13496,0.1718
18392,0.016
3247,0.0077
4630,0.5103
17558,0.0101
19870,0.0029
10872,0.7832
11380,0.0009
19216,0.0427
4273,0.0096
20375,0.0114
306,0.9663
11626,0.0238
8552,0.141
5515,0.008
340,0.7733
250,0.1289
8728,0.1804
8292,0.0174
15354,0.0645
8459,0.141
20199,0.1672
3352,0.0199
9698,0.2542
9639,0.0659
1421,0.0247
15656,0.8199
10221,0.0152
3188,0.0013
11546,0.0434
20544,0.8036
20588,0.6714
14777,0.0158
6555,0.0478
13253,0.1307
7898,0.1319
4608,0.0089
818,0.1749
15295,0.9145
16595,0.0101
7896,0.9387
7637,0.0114
6568,0.0062
19590,0.5419
7045,0.0409
16860,0.0105
20878,0.3251
14845,0.1523
777,0.0019
17972,0.0146
3992,0.0416
7134,0.9606
13443,0.099
6825,0.0598
16991,0.8907
3552,0.0248
4425,0.0879
15568,0.3612
20136,0.0032
14723,0.0582
883,0.0912
12275,0.0009
16040,0.0225
6809,0.8149
6455,0.0308
8560,0.2399
470,0.0185
562,0.1795
16120,0.4842
18260,0.007
17759,0.1718
7615,0.2239
20486,0.0464
19185,0.004
19820,0.5267
9007,0.0274
3874,0.01
18513,0.1449
8163,0.1408
10600,0.017
16201,0.3296
2549,0.0574
9207,0.567
1890,0.7206
17362,0.121
790,0.0373
7741,0.0963
9417,0.9072
6855,0.0325
16083,0.0207
19118,0.2684
1395,0.7921
20356,0.0613
6466,0.037
9926,0.0553
20233,0.1155
12133,0.8777
17441,0.0019
333,0.1293
5281,0.0994
20450,0.0448
13681,0.0148
18831,0.0068
9057,0.6302
8179,0.012
16006,0.0218
3482,0.1477
11062,0.0005
8067,0.7286
12156,0.5129
10836,0.1122
19220,0.0069
2278,0.3248
16845,0.0599
537,0.1168
2315,0.0061
15942,0.0068
15319,0.8892
18525,0.0098
5463,0.0828
5430,0.0123
17120,0.0022
15002,0.4136
3430,0.314
3142,0.1453
4522,0.0051
7891,0.8622
13789,0.0059
4523,0.0003
15764,0.9484
16582,0.0444
15329,0.0606
13982,0.0039
3877,0.0078
6951,0.5182
16321,0.0208
8532,0.9426
9533,0.1323
5570,0.0835
4369,0.0188
11449,0.0088
15643,0.096
2147,0.0081
5671,0.3128
5807,0.061
18389,0.0222
15378,0.1119
14960,0.1914
5749,0.0404
4683,0.0018
6456,0.0314
17037,0.032
7781,0.3501
6158,0.0295
9849,0.0293
10617,0.0461
4515,0.0282
7487,0.0469
3194,0.0149
19729,0.772
4959,0.0885
3303,0.0044
2408,0.0161
11852,0.0092
3154,0.0197
6527,0.0493
22,0.945
8332,0.022
53,0.1163
18759,0.0214
15406,0.0405
7461,0.0456
19093,0.2567
1708,0.6765
9178,0.9214
13267,0.1339
11573,0.0204
8838,0.7939
12044,0.0115
3840,0.2063
11486,0.3567
1496,0.0433
377,0.6595
13778,0.0312
7276,0.6868
18678,0.0167
20850,0.199
10367,0.0004
3556,0.0037
9761,0.0444
12232,0.0106
16032,0.8154
11957,0.3607
5686,0.1114
2502,0.7798
19276,0.1614
9381,0.0781
11309,0.0023
5527,0.0487
2697,0.0188
5531,0.0381
7945,0.9416
2615,0.0017
15990,0.2588
7712,0.0036
3748,0.0112
8062,0.099
54,0.1513
18065,0.7651
17977,0.139
15532,0.0337
14614,0.7655
8136,0.0019
8032,0.0263
8438,0.0008
14402,0.1245
19404,0.692
11708,0.882
5693,0.0258
1265,0.955
12391,0.2312
15061,0.0025
8322,0.8818
13157,0.923
3900,0.393
6607,0.0165
15278,0.935
18108,0.0018
16610,0.0151
16409,0.1417
1439,0.1345
4348,0.0201
16288,0.0241
20172,0.0019
11819,0.8344
20400,0.0109
4827,0.0992
2105,0.7823
9173,0.9563
1474,0.0205
3485,0.0016
13611,0.6279
19913,0.0124
15853,0.0129
15891,0.0052
7488,0.01
8142,0.0024
11224,0.0157
11345,0.0122
9446,0.0232
11340,0.0158
14206,0.0051
20484,0.1137
6977,0.4055
17000,1e-04
4979,0.3886
373,0.0089
19773,0.282
3198,0.0399
5382,0.1841
10994,0.0066
16037,0.9161
7365,0.933
20655,0.9045
3945,0.0111
7082,0.5909
9784,0.1448
13707,0.0625
18942,0.0169
18900,0.0693
2558,0.0155
3781,0.1812
7246,0.0045
3741,0.4116
6743,0.013
18227,0.002
19038,0.0048
11250,0.029
9579,0.005
8972,0.2868
13484,0.0144
9996,0.0246
11419,0.0034
20499,0.9057
14562,0.8265
13662,0.0133
18270,0.0234
5747,0.1035
5644,0.0037
12815,0.0503
2343,0.0043
19926,0.0141
8923,0.0656
3523,0.0348
14059,0.0014
1993,0.1954
6165,0.002
8116,0.0029
6756,0.0966
13329,0.0173
14324,0.8071
12176,0.8903
5900,0.0709
5282,0.0991
8840,0.9029
16730,0.031
17333,0.3906
7398,0.4518
17784,0.0695
20457,0.0441
12621,0.0538
16935,0.0134
2859,0.0008
15174,0.2182
16967,0.1092
556,0.0166
19285,0.0782
20072,0.7047
9543,0.0311
11740,0.0995
5829,0.031
20114,0.3834
11310,0.5176
19021,0.0336
6404,0.9125
9048,0.1186
16970,0.1372
770,0.1434
2111,0.9598
207,0.4373
12327,0.0407
12464,0.0073
7552,0.5356
8798,0.3718
12521,0.0052
14397,0.0078
13028,0.8914
4659,0.0051
12580,0.1764
8988,0.3903
13802,0.0108
20653,0.9045
13518,0.0271
20125,0.0278
3810,0.1826
20245,0.0861
17765,0.8582
18990,0.01
20912,0.4511
4607,0.0957
10062,0.0373
17269,0.7046
20058,0.0265
992,0.0024
9379,0.0097
12060,0.8248
2539,0.0064
16482,0.0152
20258,0.0057
1000,0.0106
7584,0.8758
20864,0.0296
6628,0.0154
1534,0.0056
1291,0.8247
17203,0.2886
4418,0.0012
11183,0.1869
10666,0.5111
2722,0.0387
2168,0.772
7885,0.0346
1751,0.0352
17993,0.0018
10783,0.9267
5619,0.3902
14718,0.1565
12659,0.0087
15352,0.0778
16167,0.8504
19796,0.0668
10789,0.8862
2054,0.0568
9380,0.2109
9782,0.0717
17107,0.1714
15897,0.0047
13586,0.0041
14739,0.0021
20901,0.0111
9471,0.0954
13974,0.0024
20877,0.038
10644,0.0186
1689,0.0712
19682,0.0605
16846,0.0599
10607,0.4511
5190,0.0008
12892,0.0008
16345,0.1644
3852,0.0741
8389,0.1995
4999,0.1259
11764,0.0214
18134,0.0167
12065,0.8983
440,0.014
1788,0.0453
6224,0.4928
15009,0.0251
1141,0.0058
10792,0.0006
7557,0.0037
3403,0.2843
6336,0.0742
14144,0.0167
17219,0.2342
10271,0.0035
6816,0.0474
2635,0.0098
10148,0.0085
20517,0.1161
20436,0.7209
7313,0.0582
3735,0.9205
20692,0.9618
16874,0.5482
7354,0.3335
12415,0.1524
6695,0.2559
6602,0.0023
342,0.0119
5550,0.3964
10424,0.0076
15522,0.3
9498,0.2035
5814,0.0315
10593,0.0709
2213,0.2206
19160,0.029
18203,0.0123
4943,0.6341
10234,0.2625
1098,0.4173
5667,0.0113
11824,0.0084
9648,0.0232
3348,0.0101
927,0.0044
7628,0.0204
13324,0.1986
5245,0.0392
10431,0.0045
15198,0.0422
6147,0.1076
19393,0.1529
5440,0.047
15346,0.0926
17948,0.3864
1283,0.0071
19309,0.0101
5271,0.4219
13599,0.7562
5477,0.0611
18610,0.2611
13420,0.8124
2259,0.0014
14555,0.0066
20102,0.0716
10224,0.0309
3476,0.0042
7625,0.0726
13335,0.1264
19708,0.8549
17656,0.8593
14637,0.3121
10689,0.0062
11625,0.0048
10195,0.0093
12307,0.8991
9401,0.0056
13011,0.0213
32,0.8613
3857,0.0055
1009,0.0969
13017,0.0019
15090,0.0834
13386,0.1181
10729,0.1456
18580,0.0289
6003,0.0154
12902,0.006
19607,0.9228
17014,0.062
10087,0.144
5120,0.0377
14628,0.892
18535,0.1537
14979,0.0136
9246,0.0189
9433,0.0175
11324,0.1054
16249,0.8634
6853,0.0311
13139,0.0348
16817,0.2154
16029,0.0444
19468,0.0172
19923,0.0174
15218,0.1225
10813,0.0535
19190,0.0122
3873,0.0168
2327,0.0028
15075,0.0698
8563,0.0558
19873,0.002
2008,0.0179
10601,0.0037
12660,0.9659
3144,0.0049
20762,0.4482
5300,0.0275
20779,0.9097
10268,0.2484
18977,0.0013
11192,0.0342
16377,0.2907
12056,0.2297
16168,0.034
16053,0.0315
5202,0.0228
9386,0.0493
9980,0.1215
2414,0.051
3103,0.0006
16472,0.0035
13046,0.0911
14902,0.9229
19852,0.0121
11987,0.0538
11944,0.0081
2666,0.0195
16843,0.0057
8268,0.158
19100,0.0215
13388,0.9156
14527,0.8558
11200,0.0031
2288,0.0205
9953,0.0048
6516,0.8619
13378,0.0036
19243,0.0113
7316,0.0123
11728,0.1701
15834,0.0027
4808,0.0078
1237,0.574
20842,0.0999
8741,0.0594
20595,0.2546
4278,0.0061
8076,0.6353
13004,0.2339
6669,0.0688
3193,0.0467
1490,0.0033
5540,0.0111
19728,0.772
17057,0.0023
14379,0.0015
14016,0.0027
20849,0.0221
7810,0.0044
19937,0.0008
6633,0.719
8699,0.154
3555,0.0332
16926,0.8844
18294,0.0021
8478,0.3086
14994,0.0172
10377,0.3279
16644,0.0016
11295,0.0021
20165,0.0457
17750,0.1467
3189,0.039
13737,0.7682
11505,0.7812
5230,0.1798
15958,0.0098
19663,0.0136
7792,0.3907
20105,0.0048
2831,0.0016
11228,0.0017
13158,1e-04
5325,0.156
10037,0.1623
12911,0.7245
909,0.0244
3706,0.0074
15270,0.0161
14846,0.0473
19005,0.0076
18769,0.417
17929,0.0557
1387,0.0411
11421,0.0327
43,0.0048
18873,0.6882
1956,0.3681
7536,0.0203
8942,0.252
4568,0.0497
3780,0.0539
12186,0.007
7994,0.7582
3841,0.0374
14805,0.1567
10493,0.5312
13575,0.1768
15507,0.0077
8066,0.7286
13713,0.0035
20280,0.3483
8035,0.912
10498,0.9591
14518,0.6203
14910,0.0016
579,0.7245
12165,0.1058
1932,0.0457
15739,0.1533
3595,0.0496
7762,0.0058
3541,0.0141
13942,0.0129
12040,0.1336
18410,0.4066
995,0.002
13049,0.0025
19998,0.0068
10290,0.8095
8231,0.9655
2220,0.2979
19964,0.0186
17286,0.3562
13801,0.0003
12852,0.0157
4469,0.105
20497,0.1599
6439,0.9481
12524,0.002
3364,0.0658
10349,0.1463
19637,0.0876
2371,0.0027
11514,0.0771
8216,0.0028
15,0.0269
4216,0.019
2506,0.0126
19365,0.123
2098,0.135
16081,0.7459
7664,0.8057
7002,0.0243
20005,0.1111
9835,0.0569
5782,0.0166
18956,0.8676
16478,0.1661
8722,0.016
11937,0.2253
14950,0.0118
5332,0.1297
17787,0.545
16794,0.0306
16624,0.827
13495,0.0358
6840,0.0476
17194,0.0158
2383,0.0296
19925,0.0193
18935,0.1979
14897,0.0265
15474,0.859
16410,0.1069
2862,0.052
4434,0.498
15400,0.0027
4797,0.0287
17068,0.6091
13930,0.0699
20343,0.0022
14685,0.0664
19455,0.0125
524,0.0182
5169,0.0219
359,0.1503
10366,0.7512
3981,0.0414
5479,0.0866
9624,0.8445
9200,0.024
4917,0.1344
9318,0.0166
17964,0.0032
1786,0.0738
12683,0.1242
16307,0.5551
4346,0.0299
9255,0.248
15901,0.0013
15410,0.0918
4287,0.0127
3703,0.0604
15610,0.5306
355,0.327
6574,0.0207
15047,0.0567
4738,0.0068
10564,0.0017
1622,0.0076
18037,0.8767
10799,0.4963
374,0.0042
9430,0.8873
8181,0.1346
17949,0.5279
3120,0.0284
7561,0.0022
9233,0.1478
10466,0.0218
15686,0.8496
17805,0.1291
4237,0.1713
765,0.1302
11070,0.9786
5032,0.0107
99,0.4437
1804,0.8056
1575,0.0815
7874,0.0461
12473,0.0018
10450,0.908
13288,0.0081
12863,0.0851
12573,0.0414
6981,0.0623
3759,0.0083
10548,0.4492
6491,0.047
6175,0.3132
8595,0.0662
3290,0.8175
3422,0.013
5826,0.0201
10507,0.0064
1025,0.0069
19119,0.2684
1051,0.8637
1065,0.9136
13537,0.0005
7608,0.2224
18069,0.0034
5317,0.9568
20335,0.0807
15618,0.0779
12623,0.0474
16611,0.0133
391,0.1639
5486,0.0012
4641,0.1179
20213,0.0158
4129,0.0028
10185,0.0821
360,0.0048
2503,0.0008
720,0.0098
8685,0.0777
13225,0.0026
13881,0.0043
4779,0.5037
4740,0.0707
11930,0.1287
13412,0.1859
4998,0.0504
20538,0.0914
4886,0.861
20324,0.0322
11711,0.0512
9040,0.0502
3090,0.007
4261,0.0035
6508,0.1059
11982,0.8139
14425,0.946
7735,0.0035
6123,0.9093
1675,0.9598
16469,0.0084
20137,0.006
13816,0.045
15105,0.0278
15794,0.9055
4470,0.7299
14573,0.1763
5371,0.0064
6250,0.0145
12218,0.0087
5970,0.0453
13402,0.0543
1069,0.0028
20871,0.0495
715,0.004
18941,0.0004
8958,0.0075
20300,0.005
10122,0.0132
4423,0.2052
6639,0.1482
6920,0.0008
13128,0.0092
13888,0.0491
15275,0.0093
10933,0.5916
9267,0.9027
5567,0.0261
8964,0.8373
2149,0.1072
2751,0.0297
7526,0.6633
3424,0.0038
10253,0.2596
18130,0.0051
14049,0.0557
8464,0.0018
17163,0.0027
20097,0.0076
13985,0.0417
8538,0.0006
16141,0.0072
15549,0.3437
15046,0.0495
14947,0.0111
20180,0.2776
15017,0.0914
19324,0.3136
11910,0.0533
8902,0.0253
1818,0.7497
19303,0.0834
6714,0.4121
498,0.025
19770,0.0194
930,0.1582
13743,0.0138
7967,0.005
17691,0.2425
6013,0.0054
15595,0.9148
6760,0.0961
13574,0.1768
7454,0.1841
932,0.0121
15515,0.2533
20662,0.0363
2785,0.8885
3509,0.0016
4408,0.0748
1852,0.1358
316,0.0819
13811,0.0303
1010,0.0012
17760,0.1718
4164,0.4066
19555,0.0029
16437,0.0101
17327,0.8874
16136,0.2583
9051,0.0715
1435,0.0161
2188,0.0917
2879,0.8306
3963,0.0085
5191,0.1617
5505,0.0093
4946,0.0912
12027,0.0927
9666,0.1354
8946,0.0213
19189,0.1048
11220,0.0037
17471,0.7013
19247,0.0463
9344,0.0327
18159,0.9668
14636,0.1754
9416,0.1011
8491,0.0398
20593,0.889
7047,0.0541
11735,0.098
10580,0.1831
8736,0.1727
13864,0.2253
9140,0.779
3761,0.0104
824,0.7882
19011,0.0012
2966,0.0025
6025,0.0035
20195,0.0109
19905,0.2268
4360,0.0553
13005,0.0985
508,0.0218
13489,0.0315
19398,0.0316
17036,0.0445
678,0.0059
5030,0.0377
18158,0.2984
14109,0.0941
6010,0.0074
13865,0.2067
10443,0.05
2925,0.0128
7456,0.9397
7471,0.0239
5134,0.0901
10510,0.0458
12137,0.0388
18543,0.8056
